id,championship_event_id,name,session_type,start_time,end_time,is_cancelled,created_at,updated_at
004ae264-2214-4a43-b602-484cc91c3faa,83bfd70f-ab1f-4b25-97c1-ba632b67d0ff,Qualifying,qualifying,2026-04-11 16:00:00+00,2026-04-11 17:00:00+00,false,2025-12-26 16:34:23.070849+00,2025-12-26 16:34:23.070849+00
00c61564-4e94-46aa-9412-af50bb5c2974,d26a5482-d33e-483e-bd53-bf69fe44f295,Qualifying,qualifying,2026-04-25 15:30:00+00,2026-04-25 17:00:00+00,false,2025-12-26 18:33:33.993529+00,2025-12-26 18:33:33.993529+00
012fe078-59c3-43ea-8d0e-133d532a7d14,83a46e1a-ae05-4b12-8011-fdafe27b2721,Qualifying,qualifying,2026-08-14 20:00:00+00,2026-08-14 21:30:00+00,false,2025-12-26 18:33:38.610862+00,2025-12-26 18:33:38.610862+00
0638f6fd-6860-4a24-bc88-2f3d1319d315,89fdda92-9c22-4039-b54d-9513efd0141d,Free Practice 1,practice,2026-02-07 05:00:00+00,2026-02-07 06:30:00+00,false,2026-01-26 12:59:42.844974+00,2026-01-26 12:59:42.844974+00
06ecf673-5551-471e-b58b-2a9e209c46bb,c45765dc-d369-4fac-9599-ba0241259bea,Qualifying,qualifying,2026-05-23 18:00:00+00,2026-05-23 19:30:00+00,false,2025-12-26 18:33:35.178241+00,2025-12-26 18:33:35.178241+00
07a0f62e-afb6-4899-afa2-9232ed53b39a,9767494a-e8c5-49d4-9896-616b6a6a3b78,Sprint,sprint,2026-06-06 13:00:00+00,2026-06-06 13:25:00+00,false,2025-12-26 18:47:29.850249+00,2025-12-26 18:47:29.850249+00
0816ee37-abaf-4bd3-b969-3fb736d8e4e7,1cde920b-d316-4365-b175-3344c3ccb67a,Sprint,sprint,2026-05-16 13:00:00+00,2026-05-16 13:25:00+00,false,2025-12-26 18:47:29.345193+00,2025-12-26 18:47:29.345193+00
0821c76f-2654-4972-a023-3126792ad5d0,6013e0ea-ccdc-46e4-88b4-64591fbb1838,Race,race,2026-03-01 08:00:00+00,2026-03-01 08:45:00+00,false,2025-12-26 18:47:27.535128+00,2025-12-26 18:47:27.535128+00
09e4d8d7-399c-4528-861f-ed95856e384c,86b2de7d-af84-415a-ac72-581cb034fb5a,Free Practice 1,practice,2026-01-31 05:00:00+00,2026-01-31 06:30:00+00,false,2026-01-26 12:59:42.202069+00,2026-01-26 12:59:42.202069+00
0a0301a1-1651-4e15-b5cf-38979fac4563,69abc5d6-4ab9-4261-9904-9e365661d09f,Qualifying,qualifying,2026-11-07 18:00:00+00,2026-11-07 19:00:00+00,false,2025-12-26 16:34:29.6024+00,2025-12-26 16:34:29.6024+00
0a101133-2138-4ac8-8721-3544c086a741,f24f7629-099d-40b1-a9a0-2ee72c57e3a5,Qualifying,qualifying,2026-03-21 09:40:00+00,2026-03-21 10:55:00+00,false,2025-12-26 18:47:23.008173+00,2025-12-26 18:47:23.008173+00
0ab792e6-4a49-418c-8968-46279b782ac0,eaf8e632-f93b-464f-a57c-0fe93f9200e9,Practice 3,practice,2026-06-06 10:30:00+00,2026-06-06 11:30:00+00,false,2026-02-13 21:22:50.284558+00,2026-02-13 21:22:50.284558+00
0ae816ad-5109-4f2e-b008-1e6460d41708,1881a1ae-30f8-415d-9fc2-3f7baa2c8dba,Qualifying,qualifying,2026-07-04 15:00:00+00,2026-07-04 16:00:00+00,false,2025-12-26 16:34:25.890736+00,2025-12-26 16:34:25.890736+00
0ba13320-d651-46cd-a21d-3ab99b68cc49,5a035274-7d5f-443a-9b2a-f539131fef76,Practice 1,practice,2026-10-23 17:30:00+00,2026-10-23 18:30:00+00,false,2025-12-26 16:34:28.928082+00,2026-02-13 21:36:37.62976+00
0ba6328f-0440-4a46-a9ed-b203d93e064b,b41c504d-c62e-47ab-89a0-569f8c9c2c20,Race,race,2026-07-05 09:30:00+00,2026-07-05 13:30:00+00,false,2025-12-26 18:44:15.545898+00,2025-12-26 18:44:15.545898+00
0c2c72dc-28d3-465b-a910-140cbb34820b,b41c504d-c62e-47ab-89a0-569f8c9c2c20,Qualifying,qualifying,2026-07-04 12:00:00+00,2026-07-04 13:00:00+00,false,2025-12-26 18:44:15.597113+00,2025-12-26 18:44:15.597113+00
0c510df8-f24f-42fe-aeda-04a3f583878a,680c7634-7416-477d-9bad-49899b24ac6e,Sprint,sprint,2026-08-29 13:00:00+00,2026-08-29 13:25:00+00,false,2025-12-26 18:47:31.385306+00,2025-12-26 18:47:31.385306+00
0cb4138c-fd36-4bf3-953f-a8cf18e418a3,7ba141b7-2013-4d1a-bbbd-3cb542e49e2a,Qualifying,qualifying,2026-04-18 17:00:00+00,2026-04-18 18:00:00+00,false,2025-12-26 16:34:23.43791+00,2025-12-26 16:34:23.43791+00
0ce914f1-4e2b-4c79-9673-9cb45b468e2d,742020d1-92d5-4f7d-ab20-07f7d9b4f8d6,Practice,practice,2026-02-14 20:00:00+00,,false,2026-02-11 19:57:48.949768+00,2026-02-11 19:57:48.949768+00
0d58a7f3-429d-4792-9429-379e9aa1d573,1cde920b-d316-4365-b175-3344c3ccb67a,Race,race,2026-05-17 12:00:00+00,2026-05-17 12:45:00+00,false,2025-12-26 18:47:29.287874+00,2025-12-26 18:47:29.287874+00
0e975f2f-2f57-481a-b590-1342403425ea,2c23de6e-a9c2-4b24-afcd-5914f28ae0c5,Qualifying,qualifying,2026-05-02 16:00:00+00,2026-05-02 17:30:00+00,false,2025-12-26 18:33:34.294262+00,2025-12-26 18:33:34.294262+00
0eef278a-5035-4001-a7be-7281adcc8512,d89e4177-f4a8-426f-8233-30a806f1f9e0,Qualifying,qualifying,2026-01-10 15:40:00+00,2026-01-10 16:55:00+00,false,2025-12-26 18:47:21.629277+00,2025-12-26 18:47:21.629277+00
0ff0c7bf-aa93-49ba-8ef5-66b4450e1ef9,d89e4177-f4a8-426f-8233-30a806f1f9e0,Race,race,2026-01-10 20:00:00+00,2026-01-10 21:00:00+00,false,2025-12-26 18:47:21.565193+00,2025-12-26 18:47:21.565193+00
10f57200-0f95-422b-93a3-e2da1f9bc0a7,aad9143d-ba35-46a9-b1f7-7a4b712274bc,Race,race,2026-05-09 11:00:00+00,2026-05-09 17:00:00+00,false,2025-12-26 18:44:12.43223+00,2025-12-26 18:44:12.43223+00
11c09d84-5d2e-4a29-8e77-59f21a9818d5,6ca3d81d-b6cc-4c75-9ab2-958fc47c8807,Qualifying,qualifying,2026-06-20 02:40:00+00,2026-06-20 03:55:00+00,false,2025-12-26 18:47:24.462001+00,2025-12-26 18:47:24.462001+00
1296a7b6-22e9-4ff3-b3d3-9c179aabec23,32986060-c6a8-460b-833e-bf498a821e22,Practice One,practice,2026-03-07 17:00:00+00,2026-03-07 18:00:00+00,false,2026-02-14 11:49:11.121862+00,2026-02-14 11:49:11.121862+00
12cf3b86-2bd5-4457-838e-e9357b7bd317,03d171b1-023e-4c49-8728-b92ab4886893,Practice 1,practice,2026-09-24 08:30:00+00,2026-09-24 09:30:00+00,false,2025-12-26 16:34:28.169643+00,2026-02-13 21:33:40.823461+00
12f51359-81b4-45ea-9997-b2cd169fa327,56d7a414-c794-47b6-9bfc-03ad3e41f397,Race 2,race,2026-08-16 16:00:00+00,2026-08-16 17:00:00+00,false,2025-12-26 18:47:26.120396+00,2026-01-05 10:02:24.373848+00
12f924e5-ae79-4b7f-bd4c-cb717027d2c2,bc79f955-7219-4dbc-920b-5e511718b6b6,Qualifying,qualifying,2025-12-06 12:40:00+00,2025-12-06 13:55:00+00,false,2025-12-26 18:47:21.315851+00,2025-12-26 18:47:21.315851+00
1349a30b-561c-4f53-af95-568d9708d59b,b32b30e2-ee4f-4cde-af6e-8b0e073bf9fd,Race,race,2026-07-05 19:30:00+00,2026-07-05 23:30:00+00,false,2025-12-26 18:33:36.984909+00,2025-12-26 18:33:36.984909+00
1350dae2-8627-43e5-9970-3770de51e5bb,2c39c99e-c654-4a0e-9094-9aedc1decaed,Race,race,2026-11-29 16:00:00+00,2026-11-29 18:00:00+00,false,2025-12-26 16:34:30.24296+00,2025-12-26 16:34:30.24296+00
13686d23-04d0-42cd-8a04-32a518d79177,2e62a918-56ab-4a67-aa1b-9f7a58c84815,Practice 1,practice,2026-05-22 16:30:00+00,2026-05-22 17:30:00+00,false,2025-12-26 16:34:24.441109+00,2026-02-13 21:21:09.494788+00
1506c1e5-8a9e-45ad-abc9-b0f0f8702c21,e9c1091b-8634-4392-a72e-eb048e496d01,Race,race,2026-08-23 09:30:00+00,2026-08-23 13:30:00+00,false,2025-12-26 18:44:15.793946+00,2025-12-26 18:44:15.793946+00
170ac667-5dfc-43b7-a1ba-47d0c289a670,4c1c2648-63d0-4077-8780-90facbfd5ea5,Race 1,race,2026-05-16 13:00:00+00,2026-05-16 14:00:00+00,false,2025-12-26 18:47:23.811228+00,2026-01-05 10:02:24.373848+00
171b1cec-50e6-4a7e-a105-d315b34c0fce,86b2de7d-af84-415a-ac72-581cb034fb5a,Race 1 (4 Hours),race,2026-02-01 07:00:00+00,2026-02-01 11:00:00+00,false,2026-01-26 12:59:42.202069+00,2026-01-26 12:59:42.202069+00
186d0018-4007-4055-83c8-a34c4828c97f,00f49c90-2e00-4a2f-a2d5-04315d1313d4,Race,race,2026-07-19 13:00:00+00,2026-07-19 15:00:00+00,false,2025-12-26 16:34:26.229971+00,2025-12-26 16:34:26.229971+00
188190d3-54ce-4bff-b300-9c6bfea8c9b5,3efde245-961e-4add-b590-cebb5ed599e7,Race,race,2026-11-07 11:00:00+00,2026-11-07 19:00:00+00,false,2025-12-26 18:44:13.780579+00,2025-12-26 18:44:13.780579+00
1891fdaa-bfa4-4556-a5d7-5e3b725b24b6,48c83fce-48c6-4424-a7cc-3e4d4a6ba10f,Race,race,2026-08-23 18:30:00+00,2026-08-23 22:30:00+00,false,2025-12-26 18:33:38.869785+00,2025-12-26 18:33:38.869785+00
19547460-59fb-4029-9b9d-0e4a6a78bb79,d606dd07-11d1-40b5-b667-50764b619a4d,Practice 1,practice,2026-05-01 16:30:00+00,2026-05-01 17:30:00+00,false,2025-12-26 16:34:24.020061+00,2026-02-13 21:20:26.123956+00
1ba74f68-3006-41cc-a6dc-525ac9b64c3d,18cdf91c-b573-44f3-afad-073d46afe8ea,Qualifying,qualifying,2026-02-27 22:05:00+00,2026-02-27 23:00:00+00,false,2026-02-06 16:36:04.497872+00,2026-02-06 16:36:04.497872+00
1bee6fee-e75c-4fc6-b5fe-24cdda51ec1c,d606dd07-11d1-40b5-b667-50764b619a4d,Sprint,sprint,2026-05-02 16:00:00+00,2026-05-02 17:00:00+00,false,2025-12-26 16:34:23.881539+00,2025-12-26 16:34:23.881539+00
1c6c348c-0d69-46a3-a918-6e2fa6f83eff,8d122da9-2312-43b8-aedd-d7a4ce714c3f,Race,race,2026-03-15 20:00:00+00,2026-03-15 23:00:00+00,false,2025-12-26 18:33:32.445861+00,2026-02-14 11:51:17.961513+00
1caa0e23-68e7-4763-8f94-ef8fb37fa3f4,daf1930a-9b9b-43fb-822a-8e038d110647,Race,race,2026-06-14 14:00:00+00,2026-06-15 14:00:00+00,false,2025-12-26 18:44:12.687407+00,2025-12-26 18:44:12.687407+00
1cb3fd9f-ee83-4ee2-8454-f72528008907,64b75413-4daa-4b46-a4c3-85c0c174eb24,Qualifying,qualifying,2026-06-27 14:00:00+00,2026-06-27 15:00:00+00,false,2025-12-26 16:34:25.496701+00,2025-12-26 16:34:25.496701+00
1d1adad9-981a-4479-8890-16850e73bcfc,3c0de02b-bf6e-4acf-8122-e6ef3687a6a5,Race,race,2026-09-19 23:30:00+00,2026-09-20 03:30:00+00,false,2025-12-26 18:33:40.004555+00,2025-12-26 18:33:40.004555+00
1d6cd147-a81e-4dea-bb57-090fc8eeace8,1881a1ae-30f8-415d-9fc2-3f7baa2c8dba,Sprint,sprint,2026-07-04 11:00:00+00,2026-07-04 12:00:00+00,false,2025-12-26 16:34:25.936298+00,2025-12-26 16:34:25.936298+00
1d865bf9-a967-4747-9e4a-0585e1250e66,c45765dc-d369-4fac-9599-ba0241259bea,Race,race,2026-05-24 22:00:00+00,2026-05-25 02:00:00+00,false,2025-12-26 18:33:35.124399+00,2025-12-26 18:33:35.124399+00
1ef8287b-1188-469f-a6b8-c9b11d064788,745e9d87-6741-4f9f-9619-67d6403e5044,Qualifying,qualifying,2026-07-25 16:00:00+00,2026-07-25 17:30:00+00,false,2025-12-26 18:33:37.974271+00,2025-12-26 18:33:37.974271+00
1f7a28d2-f7aa-4653-b97c-16aaa222e909,9a17d87a-af3a-49a0-84c0-8ac65fc216cb,Qualifying,qualifying,2026-03-28 20:30:00+00,2026-03-28 22:00:00+00,false,2025-12-26 18:33:33.068895+00,2025-12-26 18:33:33.068895+00
1fadc22a-44d8-474d-b6f9-de303244431f,d606dd07-11d1-40b5-b667-50764b619a4d,Sprint Qualifying,sprint_qualifying,2026-05-01 20:30:00+00,2026-05-01 21:14:00+00,false,2025-12-26 16:34:24.085167+00,2026-02-13 21:20:18.626283+00
1fd0f990-d83d-435d-b2fa-2c18713e6659,6ca3d81d-b6cc-4c75-9ab2-958fc47c8807,Race,race,2026-06-20 07:00:00+00,2026-06-20 08:00:00+00,false,2025-12-26 18:47:24.39902+00,2025-12-26 18:47:24.39902+00
20163bec-afc2-4b7f-b714-73dcd2a47866,53558e93-a2eb-4fad-a854-248dbd736f18,Race,race,2026-07-26 13:00:00+00,2026-07-26 15:00:00+00,false,2025-12-26 16:34:26.566571+00,2025-12-26 16:34:26.566571+00
2022ba25-3925-43b3-bb42-e40b5e71afc5,2e62a918-56ab-4a67-aa1b-9f7a58c84815,Sprint Qualifying,sprint_qualifying,2026-05-22 20:30:00+00,2026-05-22 21:14:00+00,false,2025-12-26 16:34:24.499253+00,2026-02-13 21:21:44.711588+00
20fde274-08d5-49e7-8771-f2ae045e30d9,f8db5938-a835-4ba2-92fb-205a0502476f,Practice 2,practice,2026-02-28 14:30:00+00,,false,2026-02-08 21:09:58.958931+00,2026-02-08 21:09:58.958931+00
2177318d-90b3-4170-966b-7af980bedddd,74c92224-bece-4616-8673-c5e58ae232c8,Race 1,race,2026-07-25 06:00:00+00,2026-07-25 07:00:00+00,false,2025-12-26 18:47:25.282237+00,2026-01-05 10:02:24.373848+00
2269197d-ef16-476c-b8cb-d5fcae4afefd,65e0f6d6-787e-4fbe-8ee2-64b2175b4717,Qualifying,qualifying,2026-09-26 17:00:00+00,2026-09-26 18:30:00+00,false,2025-12-26 18:33:40.43034+00,2025-12-26 18:33:40.43034+00
22c456dd-513e-4b6f-8432-298a15559190,6a20045c-af09-4b75-9ff7-48bc9c1ded82,Race,race,2026-05-31 19:30:00+00,2026-05-31 23:30:00+00,false,2025-12-26 18:33:35.428744+00,2025-12-26 18:33:35.428744+00
237f60b4-aeae-4a39-9a5c-20345e24b9b7,9168ab94-182d-472a-b637-8769c5156116,Sprint Qualifying,practice,2026-08-21 14:30:00+00,2026-08-21 15:14:00+00,false,2025-12-26 16:34:27.154875+00,2026-02-13 21:28:23.267454+00
246fae99-3244-47fc-ace2-1fbe51add12c,257e66a9-ee2b-4b27-b09b-d4d56114798b,Race,race,2026-06-14 13:00:00+00,2026-06-14 15:00:00+00,false,2025-12-26 16:34:25.079539+00,2025-12-26 16:34:25.079539+00
24cde703-ce40-4765-b0d8-96d9fdeca82b,8d122da9-2312-43b8-aedd-d7a4ce714c3f,Practice One,practice,2026-03-14 18:30:00+00,2026-03-14 19:30:00+00,false,2026-02-14 11:57:00.359031+00,2026-02-14 11:57:00.359031+00
2528466e-9c2b-4c61-a891-96b8d17e429e,45f28082-5ae0-4b67-8af6-938ec3f3292d,Race,race,2026-08-29 23:30:00+00,2026-08-30 03:30:00+00,false,2025-12-26 18:33:39.139582+00,2025-12-26 18:33:39.139582+00
25bebc36-e737-4d2a-8a01-8dd7a89b6a5e,5b2355be-644a-472f-a518-6aa2a209fd52,Qualifying,qualifying,2026-10-31 21:00:00+00,2026-10-31 22:00:00+00,false,2025-12-26 16:34:29.261896+00,2025-12-26 16:34:29.261896+00
262abaa8-b403-4b2b-a802-c85838279270,70ea23bf-2d7d-4181-b68a-ea44e648cc28,Sprint,sprint,2026-10-10 09:00:00+00,2026-10-10 10:00:00+00,false,2025-12-26 16:34:28.544784+00,2025-12-26 16:34:28.544784+00
26475c26-bd04-47f2-9bd7-83a2a0bc0b67,86b2de7d-af84-415a-ac72-581cb034fb5a,Free Practice 2,practice,2026-01-31 08:00:00+00,2026-01-31 09:30:00+00,false,2026-01-26 12:59:42.202069+00,2026-01-26 12:59:42.202069+00
274a1615-2135-4e2d-8137-763a67bd94d0,82c1b3f6-0ee7-4bf3-9b7e-612ad09a36bb,Race,race,2026-05-03 09:30:00+00,2026-05-03 13:30:00+00,false,2025-12-26 18:44:15.288226+00,2025-12-26 18:44:15.288226+00
27e7fdae-d80d-4e7b-af3a-8f7c2b0fbd32,8876f04f-8a03-4421-b385-8f56c8bd3485,Sprint Qualifying,sprint_qualifying,2026-03-13 07:30:00+00,2026-03-13 08:14:00+00,false,2025-12-26 16:34:22.461427+00,2026-02-13 21:06:34.018738+00
28e4f800-e1e9-4804-a7c0-c07d23493e49,91894bab-1c49-46a5-9b82-501dab8ded33,Qualifying,qualifying,2026-04-11 12:00:00+00,2026-04-11 13:00:00+00,false,2025-12-26 18:44:15.083744+00,2025-12-26 18:44:15.083744+00
290f6299-fbb5-4458-8af3-3b0513693fbb,45f28082-5ae0-4b67-8af6-938ec3f3292d,Qualifying,qualifying,2026-08-28 21:00:00+00,2026-08-28 22:30:00+00,false,2025-12-26 18:33:39.193201+00,2025-12-26 18:33:39.193201+00
297dd061-a2f5-4563-a6d8-971e3ff3b9b5,a120d402-ac6b-4f0a-aab5-dcde8cd54a57,Race,race,2026-08-09 12:00:00+00,2026-08-09 12:45:00+00,false,2025-12-26 18:47:31.014455+00,2025-12-26 18:47:31.014455+00
2a174c80-089f-4b37-a800-44f7fb51bc9f,2e62a918-56ab-4a67-aa1b-9f7a58c84815,Qualifying,qualifying,2026-05-23 20:00:00+00,2026-05-23 21:00:00+00,false,2025-12-26 16:34:24.344486+00,2025-12-26 16:34:24.344486+00
2a6274f0-2b7a-4593-80fa-b6c9c52eab79,ccae4e9f-b1db-41ab-adfb-1ed06c61b51f,Practice 1,practice,2026-03-06 17:00:00+00,,false,2026-02-08 21:12:32.186918+00,2026-02-08 21:12:32.186918+00
2aa53073-5262-45b9-a873-ba4187dca212,1881a1ae-30f8-415d-9fc2-3f7baa2c8dba,Sprint Qualifying,sprint_qualifying,2026-07-03 15:30:00+00,2026-07-03 16:14:00+00,false,2025-12-26 16:34:26.034945+00,2026-02-13 21:25:41.178656+00
2ae91a17-a24a-405a-bd54-bd1ece70468e,eb978f24-fde6-42c1-be62-38901714b6bc,Race,race,2026-02-04 23:00:00+00,,false,2025-12-26 18:33:30.974235+00,2026-02-02 08:07:37.508957+00
2ba06c0a-51a7-4863-947d-cd9046993b9f,b32b4832-fde0-46a4-9e17-86ce09e6b9a6,Practice 3,practice,2026-09-05 10:30:00+00,2026-09-05 11:30:00+00,false,2026-02-13 21:29:28.187171+00,2026-02-13 21:29:28.187171+00
2c126fa7-0b00-4db3-9c7d-083b09774dea,ed2555d7-4a4c-4688-bcf5-30e2855284f2,Qualifying,qualifying,2026-07-11 17:30:00+00,2026-07-11 18:30:00+00,false,2025-12-26 18:44:13.057621+00,2025-12-26 18:44:13.057621+00
2c2f26c8-0d26-43a3-8eb6-6c61f482e82a,1309617e-d334-4199-8810-ff1c471dc267,Race,race,2026-06-21 12:00:00+00,2026-06-21 12:45:00+00,false,2025-12-26 18:47:30.116484+00,2025-12-26 18:47:30.116484+00
2c44eb5f-a265-4381-884a-71fd26ea607c,49812b30-74a5-4a76-a1ef-a333860da6a8,Qualifying,qualifying,2026-07-11 21:00:00+00,2026-07-11 22:30:00+00,false,2025-12-26 18:33:37.300064+00,2025-12-26 18:33:37.300064+00
2cbac00a-5922-4c7e-bf62-77f84ad1d089,89fdda92-9c22-4039-b54d-9513efd0141d,Qualifying,qualifying,2026-02-07 12:00:00+00,2026-02-07 13:00:00+00,false,2026-01-26 12:59:42.844974+00,2026-01-26 12:59:42.844974+00
2d06aa22-0cc5-40ff-b4fd-0b9652b25775,5b2355be-644a-472f-a518-6aa2a209fd52,Practice 1,practice,2026-10-30 18:30:00+00,2026-10-30 19:30:00+00,false,2025-12-26 16:34:29.314318+00,2026-02-13 21:37:45.27642+00
2d350874-e9ff-4d3f-aa1b-606c05df42ec,c1a01483-8711-4b90-ac5a-24d089d52e39,Race,race,2026-04-19 19:00:00+00,2026-04-19 23:00:00+00,false,2025-12-26 18:33:33.662796+00,2025-12-26 18:33:33.662796+00
2deafd5a-b39b-4b44-90ea-5378c43ab3e3,3bc19baf-6dd7-4b4e-9ba7-982b08087614,Race,race,2026-09-13 10:30:00+00,2026-09-13 14:30:00+00,false,2025-12-26 18:44:16.05508+00,2025-12-26 18:44:16.05508+00
2ec16696-f27b-4701-b521-6e7c53c90773,00f49c90-2e00-4a2f-a2d5-04315d1313d4,Qualifying,qualifying,2026-07-18 14:00:00+00,2026-07-18 15:00:00+00,false,2025-12-26 16:34:26.278758+00,2025-12-26 16:34:26.278758+00
2f47e222-90f1-4564-a44a-92cc29862e8f,b32b4832-fde0-46a4-9e17-86ce09e6b9a6,Practice 2,practice,2026-09-04 14:00:00+00,2026-09-04 15:00:00+00,false,2025-12-26 16:34:27.532644+00,2026-02-13 21:29:09.464766+00
2fe5ca56-838a-4d09-94e3-9f0d22a3ff72,098f26df-f591-40f5-985a-fc04984bfb59,Qualifying,qualifying,2026-10-31 17:00:00+00,2026-10-31 18:30:00+00,false,2025-12-26 18:33:41.55729+00,2025-12-26 18:33:41.55729+00
300b90a2-bf27-4664-88b6-3aabede1048d,2c23de6e-a9c2-4b24-afcd-5914f28ae0c5,Race,race,2026-05-03 19:30:00+00,2026-05-03 23:30:00+00,false,2025-12-26 18:33:34.246362+00,2025-12-26 18:33:34.246362+00
301823cf-0b62-40a0-a6db-3b68419b6e36,e0421465-1dc6-499a-9ac8-d23f4fa3178d,Qualifying,qualifying,2026-10-24 16:00:00+00,2026-10-24 17:30:00+00,false,2025-12-26 18:33:42.143383+00,2025-12-26 18:33:42.143383+00
31da9c50-e440-4975-9355-e0024184a441,93b8e365-0812-4194-9862-c092376a0940,Race,race,2026-10-11 06:00:00+00,2026-10-11 06:45:00+00,false,2025-12-26 18:47:32.368208+00,2025-12-26 18:47:32.368208+00
33e294ae-c911-403d-9b43-da347c3cb744,00f49c90-2e00-4a2f-a2d5-04315d1313d4,Practice 3,practice,2026-07-18 10:30:00+00,2026-07-18 11:30:00+00,false,2026-02-13 21:26:43.631722+00,2026-02-13 21:26:43.631722+00
35676b4c-390e-44e4-8c06-47fffd2b5f51,41013faf-6ecd-4795-86b3-58a97182e72c,Qualifying,qualifying,2026-02-21 16:00:00+00,2026-02-21 17:30:00+00,false,2025-12-26 18:33:31.620971+00,2026-02-13 20:54:19.163514+00
35718e7d-8c02-4a5e-bac2-63b9ea3de6da,8d122da9-2312-43b8-aedd-d7a4ce714c3f,Qualifying,qualifying,2026-03-14 19:40:00+00,2026-03-14 20:30:00+00,false,2025-12-26 18:33:32.508438+00,2026-02-14 11:58:48.103672+00
374bc1e5-9019-448e-b1ab-a557d5ab83d3,daf1930a-9b9b-43fb-822a-8e038d110647,Qualifying,qualifying,2026-06-13 17:00:00+00,2026-06-13 18:00:00+00,false,2025-12-26 18:44:12.734097+00,2025-12-26 18:44:12.734097+00
3765299a-56fe-488b-8393-2bbeb948c4e2,53558e93-a2eb-4fad-a854-248dbd736f18,Qualifying,qualifying,2026-07-25 14:00:00+00,2026-07-25 15:00:00+00,false,2025-12-26 16:34:26.617715+00,2025-12-26 16:34:26.617715+00
376c8a78-55cb-4441-940b-a4526000d9be,65f28f44-6436-4f49-b07a-b1d0bb62e6e6,Race,race,2026-09-20 12:00:00+00,2026-09-20 12:45:00+00,false,2025-12-26 18:47:31.85453+00,2025-12-26 18:47:31.85453+00
37ab5dc1-a934-4319-9a6f-22366f0ad2a0,83bfd70f-ab1f-4b25-97c1-ba632b67d0ff,Race,race,2026-04-12 15:00:00+00,2026-04-12 17:00:00+00,false,2025-12-26 16:34:23.013938+00,2025-12-26 16:34:23.013938+00
37bfff48-9084-4754-b1db-0b79da52edf8,ccae4e9f-b1db-41ab-adfb-1ed06c61b51f,Race,race,2026-03-07 22:00:00+00,,false,2026-02-08 21:15:33.74772+00,2026-02-08 21:15:33.74772+00
37fbc353-3f32-4a43-8765-5834a6e611a8,15ab8758-1f9c-41da-9c6e-ff6e04fde597,Race,race,2026-06-07 19:00:00+00,2026-06-07 23:00:00+00,false,2025-12-26 18:33:35.73443+00,2025-12-26 18:33:35.73443+00
383a530c-5584-427d-8f98-2c01d90eca2f,32986060-c6a8-460b-833e-bf498a821e22,Race,race,2026-03-08 19:30:00+00,2026-03-08 23:30:00+00,false,2025-12-26 18:33:32.075966+00,2026-02-14 11:48:23.999968+00
386d4e3a-6cea-4ed3-88a6-828b5754bc6b,1802e474-b247-4807-ba44-4dd315d1e044,Race,race,2026-12-06 13:00:00+00,2026-12-06 15:00:00+00,false,2025-12-26 16:34:30.592324+00,2025-12-26 16:34:30.592324+00
3ab99a01-be65-4f36-80af-efb2e34f61e6,00f49c90-2e00-4a2f-a2d5-04315d1313d4,Practice 2,practice,2026-07-17 15:00:00+00,2026-07-17 16:00:00+00,false,2025-12-26 16:34:26.382658+00,2025-12-26 16:34:26.382658+00
3b3b882b-821d-48d6-8843-7a76a6995991,e5589012-45e5-480c-bf4d-10208ca57bbb,Race,race,2026-11-22 04:00:00+00,2026-11-22 06:00:00+00,false,2025-12-26 16:34:29.891546+00,2026-02-13 21:41:52.992938+00
3b87adf8-895f-4eae-8d06-4ebf7cf9c08a,2069f762-2da9-4539-bc21-d351b32ab1f7,Qualifications,qualifying,2026-03-14 19:30:00+00,,false,2026-02-08 21:19:50.071664+00,2026-02-08 21:19:50.071664+00
3cf4d7a3-453d-4ea6-8740-76866e62b66b,e5589012-45e5-480c-bf4d-10208ca57bbb,Practice 2,practice,2026-11-20 04:00:00+00,2026-11-20 05:00:00+00,false,2025-12-26 16:34:30.056025+00,2026-02-13 21:41:08.811711+00
3dc645ad-6ba1-4587-9791-b8ec5702c0bc,b14f4ccc-5f7d-4b3d-93b3-d504e0a12040,Qualifying 1,qualifying,2026-02-13 12:20:00+00,2026-02-13 13:35:00+00,false,2025-12-26 18:47:22.289921+00,2026-01-05 10:02:24.373848+00
3e32d219-9f53-49cc-bdb6-8c59d037610b,bc79f955-7219-4dbc-920b-5e511718b6b6,Race,race,2025-12-06 17:00:00+00,2025-12-06 18:00:00+00,false,2025-12-26 18:47:21.257181+00,2025-12-26 18:47:21.257181+00
3e490b92-a5eb-4d40-a48e-66483b60352d,3efde245-961e-4add-b590-cebb5ed599e7,Qualifying,qualifying,2026-11-06 13:00:00+00,2026-11-06 14:00:00+00,false,2025-12-26 18:44:13.833842+00,2025-12-26 18:44:13.833842+00
3f6d185b-78ce-44c3-a169-daf171ed8048,7166deef-0000-4e0c-a6e7-e173617cbe18,Qualifying,qualifying,2026-10-17 19:30:00+00,2026-10-17 21:00:00+00,false,2025-12-26 18:33:41.875543+00,2025-12-26 18:33:41.875543+00
3fba82bd-67a1-46e0-903f-221889036b67,65f28f44-6436-4f49-b07a-b1d0bb62e6e6,Sprint,sprint,2026-09-19 13:00:00+00,2026-09-19 13:25:00+00,false,2025-12-26 18:47:31.907961+00,2025-12-26 18:47:31.907961+00
403c536a-327f-4101-ab26-21aac189b614,1a5f39a7-e21f-4822-93d5-10e169e780a4,Qualifying,qualifying,2026-09-26 05:40:00+00,2026-09-26 06:40:00+00,false,2025-12-26 18:44:13.577611+00,2025-12-26 18:44:13.577611+00
4103d08e-8996-4e85-8dca-0b0eb4c908d9,4b963d5a-900f-4e0f-8023-678444204e9a,Qualifying 1,qualifying,2026-05-02 08:40:00+00,2026-05-02 09:55:00+00,false,2025-12-26 18:47:23.354439+00,2026-01-05 10:02:24.373848+00
41247637-3dc7-46f0-acf4-4eb95414912b,53558e93-a2eb-4fad-a854-248dbd736f18,Practice 1,practice,2026-07-24 11:30:00+00,2026-07-24 12:30:00+00,false,2025-12-26 16:34:26.674574+00,2025-12-26 16:34:26.674574+00
41380e33-c2d9-4dd8-95fd-dbe4d030ea60,7dc0f2d5-0312-4eeb-9476-d5dc0da4d9bf,Race,race,2026-09-13 13:00:00+00,2026-09-13 15:00:00+00,false,2025-12-26 16:34:27.72207+00,2025-12-26 16:34:27.72207+00
418f9570-5708-4157-b43b-ea35aa2f759f,5a035274-7d5f-443a-9b2a-f539131fef76,Race,race,2026-10-25 20:00:00+00,2026-10-25 22:00:00+00,false,2025-12-26 16:34:28.824004+00,2025-12-26 16:34:28.824004+00
421d3b5d-1e75-4a55-b882-e221c8136a24,69abc5d6-4ab9-4261-9904-9e365661d09f,Race,race,2026-11-08 17:00:00+00,2026-11-08 19:00:00+00,false,2025-12-26 16:34:29.55317+00,2025-12-26 16:34:29.55317+00
4368a0c6-20b5-4a34-aab8-ddbc8c1bcf25,93b8e365-0812-4194-9862-c092376a0940,Sprint,sprint,2026-10-10 07:00:00+00,2026-10-10 07:25:00+00,false,2025-12-26 18:47:32.418908+00,2025-12-26 18:47:32.418908+00
43cbe0d6-310c-4368-9c5a-51a31ad8a535,ccae4e9f-b1db-41ab-adfb-1ed06c61b51f,Qualifications,qualifying,2026-03-06 21:00:00+00,,false,2026-02-08 21:13:08.650527+00,2026-02-08 21:13:08.650527+00
44197f9e-c4eb-41a1-a968-08567c9cc420,b32b4832-fde0-46a4-9e17-86ce09e6b9a6,Qualifying,qualifying,2026-09-05 14:00:00+00,2026-09-05 15:00:00+00,false,2025-12-26 16:34:27.440971+00,2025-12-26 16:34:27.440971+00
44ba3072-3ad7-4a11-af6e-a639f20635c7,1802e474-b247-4807-ba44-4dd315d1e044,Qualifying,qualifying,2026-12-05 14:00:00+00,2026-12-05 15:00:00+00,false,2025-12-26 16:34:30.642845+00,2026-02-13 21:45:01.499319+00
4520952a-4795-40fa-af03-090fb3d8f3c2,5a035274-7d5f-443a-9b2a-f539131fef76,Qualifying,qualifying,2026-10-24 21:00:00+00,2026-10-24 22:00:00+00,false,2025-12-26 16:34:28.868422+00,2025-12-26 16:34:28.868422+00
46e0d87d-883e-4b99-9a4b-390a7f786422,4328f7aa-3b22-4536-b1f8-681277ac10c4,Race,race,2026-05-31 12:00:00+00,2026-05-31 12:45:00+00,false,2025-12-26 18:47:29.545118+00,2025-12-26 18:47:29.545118+00
4892d271-0564-4393-9556-5aac58e7687a,742020d1-92d5-4f7d-ab20-07f7d9b4f8d6,Race,race,2026-02-15 19:30:00+00,,false,2025-12-26 18:33:31.248875+00,2026-02-11 19:46:18.617059+00
49d27981-f973-4fb8-8a4f-900b7067aa9a,7ba141b7-2013-4d1a-bbbd-3cb542e49e2a,Practice 3,practice,2026-04-18 13:30:00+00,2026-04-18 14:30:00+00,false,2026-02-13 21:19:23.190878+00,2026-02-13 21:19:23.190878+00
4b85684a-45f9-4689-ae9f-2826c49558a2,41013faf-6ecd-4795-86b3-58a97182e72c,Race,race,2026-02-22 20:00:00+00,2026-02-23 00:00:00+00,false,2025-12-26 18:33:31.570414+00,2025-12-26 18:33:31.570414+00
4bd7b801-b219-4c54-9792-3da471a47da4,a1e1b473-ff83-4dc5-9d69-182e6fbd873b,Practice 3,practice,2026-03-07 01:30:00+00,2026-03-07 02:30:00+00,false,2026-02-13 21:04:54.410584+00,2026-02-13 21:05:05.454468+00
4cf793d6-5b4d-4c3a-b43d-2bcef81dbcb0,4c1c2648-63d0-4077-8780-90facbfd5ea5,Qualifying 1,qualifying,2026-05-16 08:40:00+00,2026-05-16 09:55:00+00,false,2025-12-26 18:47:23.866662+00,2026-01-05 10:02:24.373848+00
4d0e6e46-bbe4-4239-8f24-6c9a5e93fa00,a019f727-8dcb-47fe-b7d5-110b77f177a2,Qualifying,qualifying,2026-03-28 06:00:00+00,2026-03-28 07:00:00+00,false,2025-12-26 16:34:22.707862+00,2025-12-26 16:34:22.707862+00
4d2198af-0bb4-496d-b9b2-58362b7972a0,9767494a-e8c5-49d4-9896-616b6a6a3b78,Race,race,2026-06-07 12:00:00+00,2026-06-07 12:45:00+00,false,2025-12-26 18:47:29.793005+00,2025-12-26 18:47:29.793005+00
4dde41b3-11a3-4621-96d4-b0c57e5e528d,8876f04f-8a03-4421-b385-8f56c8bd3485,Practice 1,practice,2026-03-13 03:30:00+00,2026-03-13 04:30:00+00,false,2025-12-26 16:34:22.409938+00,2026-02-13 21:06:04.248324+00
4ecc4169-1bfc-4dd8-839d-746de9896805,6013e0ea-ccdc-46e4-88b4-64591fbb1838,Sprint,sprint,2026-02-28 08:00:00+00,2026-02-28 08:25:00+00,false,2025-12-26 18:47:27.591356+00,2025-12-26 18:47:27.591356+00
4ed9a9a5-86fe-468a-ad64-7f44a81d50a8,03d171b1-023e-4c49-8728-b92ab4886893,Race,race,2026-09-26 11:00:00+00,2026-09-26 13:00:00+00,false,2025-12-26 16:34:28.065979+00,2025-12-26 16:34:28.065979+00
4f2237e3-aa70-424f-b7ca-60acbb0b4f9b,d0274627-e3d9-4659-8237-21245ab763bb,Race,race,2026-07-19 18:30:00+00,2026-07-19 22:30:00+00,false,2025-12-26 18:33:37.615552+00,2025-12-26 18:33:37.615552+00
51474a71-55ca-4fce-8802-398bc221dd78,aad9143d-ba35-46a9-b1f7-7a4b712274bc,Qualifying,qualifying,2026-05-08 13:00:00+00,2026-05-08 14:00:00+00,false,2025-12-26 18:44:12.488773+00,2025-12-26 18:44:12.488773+00
51ce5981-bbea-4d92-8062-3ee81f750d23,7dc0f2d5-0312-4eeb-9476-d5dc0da4d9bf,Practice 3,practice,2026-09-12 10:30:00+00,2026-09-12 11:30:00+00,false,2026-02-13 21:30:07.799052+00,2026-02-13 21:30:07.799052+00
51f4790a-220a-495e-bbde-46c572c6f8da,268cd7a2-09c4-4c58-bafb-2710f48ef30a,Race,race,2026-09-06 18:00:00+00,2026-09-07 00:00:00+00,false,2025-12-26 18:44:13.260959+00,2025-12-26 18:44:13.260959+00
5279e7f7-8581-41d9-9f8d-0ffc6f33aebb,2c39c99e-c654-4a0e-9094-9aedc1decaed,Practice 2,practice,2026-11-27 17:00:00+00,2026-11-27 18:00:00+00,false,2025-12-26 16:34:30.389979+00,2026-02-13 21:42:35.068133+00
5292c3ed-a1fe-4716-931d-cb33459de4a8,53f160c4-ad38-43dd-bc6a-76363b4f53ed,Qualifying,qualifying,2026-10-10 16:00:00+00,2026-10-10 17:30:00+00,false,2025-12-26 18:33:41.20057+00,2025-12-26 18:33:41.20057+00
52b6b5a4-5a6c-4da1-9154-daccaaa800cc,b859578c-c59e-4679-ba3a-87a76c163b82,Qualifying,qualifying,2026-02-28 18:10:00+00,2026-02-28 19:00:00+00,false,2025-12-26 18:33:31.875938+00,2026-02-14 11:35:12.433654+00
531f7bf4-f659-4aa4-a31d-d8ba24036992,89fdda92-9c22-4039-b54d-9513efd0141d,Warm Up,warmup,2026-02-08 05:00:00+00,2026-02-08 05:20:00+00,false,2026-01-26 12:59:42.844974+00,2026-01-26 12:59:42.844974+00
564b6385-eac2-4e9a-a25b-3dbda077b4e2,2069f762-2da9-4539-bc21-d351b32ab1f7,Warmup,warmup,2026-03-15 15:00:00+00,,false,2026-02-08 21:20:14.557737+00,2026-02-08 21:20:14.557737+00
598b740a-895e-40cb-a283-da45772ecb53,a1e1b473-ff83-4dc5-9d69-182e6fbd873b,Practice 2,practice,2026-03-06 05:00:00+00,2026-03-06 06:00:00+00,false,2025-12-26 16:34:22.005367+00,2026-02-13 21:04:05.093722+00
5a568678-36c0-4a4f-9033-ae8cddeb04eb,74c92224-bece-4616-8673-c5e58ae232c8,Qualifying 2,qualifying,2026-07-26 01:40:00+00,2026-07-26 02:55:00+00,false,2025-12-26 18:47:25.591651+00,2026-01-05 10:02:24.373848+00
5bf01bc1-5724-4762-9569-395b453cfcf4,eb978f24-fde6-42c1-be62-38901714b6bc,Last Chance,qualifying,2026-02-04 21:30:00+00,,false,2025-12-26 18:33:31.027839+00,2026-02-02 08:07:14.567209+00
5bffa6b0-f725-4943-a3f6-6589620846bc,d606dd07-11d1-40b5-b667-50764b619a4d,Race,race,2026-05-03 20:00:00+00,2026-05-03 22:00:00+00,false,2025-12-26 16:34:23.762823+00,2025-12-26 16:34:23.762823+00
5c2161e8-241c-4b88-8994-47dc3d6d9304,a2b5d194-1c3d-4cca-b0a1-09fbd0384e38,Race,race,2026-11-01 07:00:00+00,2026-11-01 07:45:00+00,false,2025-12-26 18:47:32.896083+00,2025-12-26 18:47:32.896083+00
5ce45fa1-229a-4c3b-aff9-f1b168f00f04,e0421465-1dc6-499a-9ac8-d23f4fa3178d,Race,race,2026-10-25 19:00:00+00,2026-10-25 23:00:00+00,false,2025-12-26 18:33:42.085231+00,2025-12-26 18:33:42.085231+00
5d990754-2e2e-4862-a96c-ec6717e182b0,8876f04f-8a03-4421-b385-8f56c8bd3485,Race,race,2026-03-15 07:00:00+00,2026-03-15 09:00:00+00,false,2025-12-26 16:34:22.22634+00,2025-12-26 16:34:22.22634+00
5f07203d-afed-428c-bc05-52091813fb8c,2069f762-2da9-4539-bc21-d351b32ab1f7,Practice 1,practice,2026-03-13 21:00:00+00,,false,2026-02-08 21:18:40.486477+00,2026-02-08 21:18:40.486477+00
60077c08-4c62-455f-8297-af6ef6475820,345cafb1-599e-4ef4-89a2-6d0df764ec36,Qualifying,qualifying,2026-05-16 21:00:00+00,2026-05-16 22:30:00+00,false,2025-12-26 18:33:34.858719+00,2025-12-26 18:33:34.858719+00
60967ce6-cd01-4400-8555-f1612a949b96,a019f727-8dcb-47fe-b7d5-110b77f177a2,Practice 1,practice,2026-03-27 02:30:00+00,2026-03-27 03:30:00+00,false,2025-12-26 16:34:22.756287+00,2026-02-13 21:07:35.345004+00
610cbf2d-aef6-41c9-92de-5cfa215fb085,fb6a1da6-9be4-4f14-bd62-57fba4a2526b,Race,race,2026-11-22 13:00:00+00,2026-11-22 13:45:00+00,false,2025-12-26 18:47:33.401053+00,2025-12-26 18:47:33.401053+00
61cc1a59-3189-46b6-affa-ea1a2d1cbb3c,56d7a414-c794-47b6-9bfc-03ad3e41f397,Qualifying 2,qualifying,2026-08-16 11:40:00+00,2026-08-16 12:55:00+00,false,2025-12-26 18:47:26.178508+00,2026-01-05 10:02:24.373848+00
61fa3345-0fe2-47ee-bc33-c621bb99b0cb,1309617e-d334-4199-8810-ff1c471dc267,Sprint,sprint,2026-06-20 13:00:00+00,2026-06-20 13:25:00+00,false,2025-12-26 18:47:30.179249+00,2025-12-26 18:47:30.179249+00
62094b2d-d50e-464d-8751-b02066c6f320,a4a557f9-0d3d-4f9f-8d52-a15d9abf7dcd,Race,race,2026-05-10 12:00:00+00,2026-05-10 12:45:00+00,false,2025-12-26 18:47:29.023466+00,2025-12-26 18:47:29.023466+00
6241da60-fa08-48e9-9d6a-20df2cfac4d8,5c037f83-2f4a-4894-ab3b-fafd9e628ef6,Race,race,2026-03-22 17:00:00+00,2026-03-22 17:45:00+00,false,2025-12-26 18:47:27.855885+00,2025-12-26 18:47:27.855885+00
631611e8-3c9b-43c7-b6eb-6a1e06200454,53558e93-a2eb-4fad-a854-248dbd736f18,Practice 3,practice,2026-07-25 10:30:00+00,2026-07-25 11:30:00+00,false,2026-02-13 21:27:33.432939+00,2026-02-13 21:27:33.432939+00
63d0b1dc-6658-45d3-8130-70d24a9d2600,eaf8e632-f93b-464f-a57c-0fe93f9200e9,Qualifying,qualifying,2026-06-06 14:00:00+00,2026-06-06 15:00:00+00,false,2025-12-26 16:34:24.758689+00,2025-12-26 16:34:24.758689+00
647c808e-5d47-41fb-8f8e-107e5c908fb1,9168ab94-182d-472a-b637-8769c5156116,Sprint,sprint,2026-08-22 10:00:00+00,2026-08-22 11:00:00+00,false,2025-12-26 16:34:27.029598+00,2025-12-26 16:34:27.029598+00
66aaad70-396a-4ea6-861e-c97a8c3df01c,48c83fce-48c6-4424-a7cc-3e4d4a6ba10f,Qualifying,qualifying,2026-08-22 15:00:00+00,2026-08-22 16:30:00+00,false,2025-12-26 18:33:38.923765+00,2025-12-26 18:33:38.923765+00
67165210-980f-48bc-a5b2-5ee9b4395a29,257e66a9-ee2b-4b27-b09b-d4d56114798b,Qualifying,qualifying,2026-06-13 14:00:00+00,2026-06-13 15:00:00+00,false,2025-12-26 16:34:25.130295+00,2025-12-26 16:34:25.130295+00
67a2ef6a-e13e-4835-a954-1a67ebb4f24f,742020d1-92d5-4f7d-ab20-07f7d9b4f8d6,"Qualifying 2 ",qualifying,2026-02-13 01:45:00+00,,false,2026-02-11 19:57:11.520861+00,2026-02-11 19:57:11.520861+00
6816026f-47c5-4b2e-a097-3895fbe3c71c,f24f7629-099d-40b1-a9a0-2ee72c57e3a5,Race,race,2026-03-21 14:00:00+00,2026-03-21 15:00:00+00,false,2025-12-26 18:47:22.943875+00,2025-12-26 18:47:22.943875+00
6937dead-993a-4120-8986-b4d9066623b8,7ba141b7-2013-4d1a-bbbd-3cb542e49e2a,Practice 2,practice,2026-04-17 17:00:00+00,2026-04-17 18:00:00+00,false,2025-12-26 16:34:23.5579+00,2026-02-13 21:18:56.591355+00
6966da92-88e8-4b58-a77a-94d577d8e055,a9a17216-95c0-446c-aaef-26541c9ad88d,Qualifying,qualifying,2026-10-09 13:00:00+00,2026-10-09 14:00:00+00,false,2025-12-26 18:44:16.415117+00,2025-12-26 18:44:16.415117+00
69a58852-6c8f-4d7d-a492-8596bce9d3eb,bc749ddc-cdbc-4eab-83bd-517de42d8ccf,Race,race,2026-03-28 08:00:00+00,2026-03-28 18:00:00+00,false,2025-12-26 18:44:11.926389+00,2025-12-26 18:44:11.926389+00
6cae6e4d-00fe-4531-9032-f6fcbd35ce7e,a3a4a071-0408-4425-af98-c4d06d21838d,Qualifying,qualifying,2026-04-11 20:30:00+00,2026-04-11 22:00:00+00,false,2025-12-26 18:33:33.379538+00,2025-12-26 18:33:33.379538+00
6ce6ce70-3e0f-4de2-acb9-fd80ca041cb6,64b75413-4daa-4b46-a4c3-85c0c174eb24,Practice 3,practice,2026-06-27 10:30:00+00,2026-06-27 11:30:00+00,false,2026-02-13 21:24:19.742233+00,2026-02-13 21:24:19.742233+00
6d80681c-5845-4256-ac06-5528b349012f,32986060-c6a8-460b-833e-bf498a821e22,Qualifying,qualifying,2026-03-07 18:10:00+00,2026-03-07 19:00:00+00,false,2025-12-26 18:33:32.128685+00,2026-02-14 11:48:36.926775+00
6e921984-47d8-46c7-8ba6-136971862357,69abc5d6-4ab9-4261-9904-9e365661d09f,Practice 1,practice,2026-11-06 15:30:00+00,2026-11-06 16:30:00+00,false,2025-12-26 16:34:29.650514+00,2026-02-13 21:38:58.512063+00
705451c2-7df3-416c-b075-fae775d7f1e8,3328f55c-2f9a-4668-bd0a-a6af301a6633,Race,race,2026-03-29 19:00:00+00,2026-03-29 19:45:00+00,false,2025-12-26 18:47:28.141393+00,2025-12-26 18:47:28.141393+00
70713543-7585-495e-a364-e401eb38608b,4b963d5a-900f-4e0f-8023-678444204e9a,Race 2,race,2026-05-03 13:00:00+00,2026-05-03 14:00:00+00,false,2025-12-26 18:47:23.56485+00,2026-01-05 10:02:24.373848+00
716764dd-93af-4abe-807f-7f876fdef559,65e0f6d6-787e-4fbe-8ee2-64b2175b4717,Race,race,2026-09-27 19:00:00+00,2026-09-27 23:00:00+00,false,2025-12-26 18:33:40.348952+00,2025-12-26 18:33:40.348952+00
71f22cc8-f3e1-4c39-897e-2818655bcd45,4c1c2648-63d0-4077-8780-90facbfd5ea5,Qualifying 2,qualifying,2026-05-17 08:40:00+00,2026-05-17 09:55:00+00,false,2025-12-26 18:47:24.13531+00,2026-01-05 10:02:24.373848+00
728908dc-699f-4d86-a19e-3a60642c0696,6a61179c-baab-4f84-b6bd-266fc216cdbf,Sprint,sprint,2026-10-24 04:00:00+00,2026-10-24 04:25:00+00,false,2025-12-26 18:47:32.686702+00,2025-12-26 18:47:32.686702+00
72968e0b-2851-4c23-9837-ac93bac25bcc,bfa31c72-7bf1-47bb-95aa-17fe9c9a4792,Race,race,2026-09-06 22:00:00+00,2026-09-07 02:00:00+00,false,2025-12-26 18:33:39.399958+00,2025-12-26 18:33:39.399958+00
72c26e29-d4d6-41e5-b72c-889a6b1a9882,fb6a1da6-9be4-4f14-bd62-57fba4a2526b,Sprint,sprint,2026-11-21 14:00:00+00,2026-11-21 14:25:00+00,false,2025-12-26 18:47:33.4596+00,2025-12-26 18:47:33.4596+00
732efd6e-5f50-41fe-abd1-9de7cf3ad2cf,b859578c-c59e-4679-ba3a-87a76c163b82,Practice One,practice,2026-02-28 17:00:00+00,2026-02-28 18:00:00+00,false,2026-02-14 11:36:14.071066+00,2026-02-14 11:36:14.071066+00
733463c8-8bcd-411e-bfdb-1803fa9e6df3,7166deef-0000-4e0c-a6e7-e173617cbe18,Race,race,2026-10-18 20:30:00+00,2026-10-19 00:30:00+00,false,2025-12-26 18:33:41.814476+00,2025-12-26 18:33:41.814476+00
736a7d09-abaf-4773-9128-bdb144249f0a,3bc19baf-6dd7-4b4e-9ba7-982b08087614,Qualifying,qualifying,2026-09-12 13:00:00+00,2026-09-12 14:00:00+00,false,2025-12-26 18:44:16.102846+00,2025-12-26 18:44:16.102846+00
7482992d-5f61-4a3b-9125-5feb670851de,4c1c2648-63d0-4077-8780-90facbfd5ea5,Race 2,race,2026-05-17 13:00:00+00,2026-05-17 14:00:00+00,false,2025-12-26 18:47:24.074725+00,2026-01-05 10:02:24.373848+00
750c8cab-79db-4bde-b8d4-87795d166c0b,3c0de02b-bf6e-4acf-8122-e6ef3687a6a5,Qualifying,qualifying,2026-09-18 20:00:00+00,2026-09-18 21:30:00+00,false,2025-12-26 18:33:40.064633+00,2025-12-26 18:33:40.064633+00
767feee1-0282-4472-b762-9a755287e324,257e66a9-ee2b-4b27-b09b-d4d56114798b,Practice 2,practice,2026-06-12 15:00:00+00,2026-06-12 16:00:00+00,false,2025-12-26 16:34:25.233311+00,2025-12-26 16:34:25.233311+00
76c03115-1402-4532-ab89-9ffbf161f2fc,a1e1b473-ff83-4dc5-9d69-182e6fbd873b,Practice 1,practice,2026-03-06 01:30:00+00,2026-03-06 02:30:00+00,false,2025-12-26 16:34:21.952609+00,2026-02-13 21:03:51.647226+00
7858485f-40c7-4821-b9c8-a3cefe9cdd37,bfa31c72-7bf1-47bb-95aa-17fe9c9a4792,Qualifying,qualifying,2026-09-05 17:00:00+00,2026-09-05 18:30:00+00,false,2025-12-26 18:33:39.451603+00,2025-12-26 18:33:39.451603+00
79140d9a-7417-4648-9f75-4db1c70975cd,56d7a414-c794-47b6-9bfc-03ad3e41f397,Qualifying 1,qualifying,2026-08-15 11:40:00+00,2026-08-15 12:55:00+00,false,2025-12-26 18:47:25.895565+00,2026-01-05 10:02:24.373848+00
79f8e3da-9394-4b4f-9245-053dc5cf6855,e9c1091b-8634-4392-a72e-eb048e496d01,Qualifying,qualifying,2026-08-22 12:00:00+00,2026-08-22 13:00:00+00,false,2025-12-26 18:44:15.863988+00,2025-12-26 18:44:15.863988+00
7b3df35e-a179-41b6-abb1-996dcac91681,89fdda92-9c22-4039-b54d-9513efd0141d,Race 2 (4 Hours),race,2026-02-08 13:00:00+00,2026-02-08 17:00:00+00,false,2026-01-26 12:59:42.844974+00,2026-01-26 12:59:42.844974+00
7b95b49d-83aa-4e72-bb87-f95dfdce6ec4,74c92224-bece-4616-8673-c5e58ae232c8,Race 2,race,2026-07-26 06:00:00+00,2026-07-26 07:00:00+00,false,2025-12-26 18:47:25.537181+00,2026-01-05 10:02:24.373848+00
7ce8880d-2ac8-47fa-8988-676de15cdd9e,6b5e99c9-ebe9-4009-8b68-5422153735b3,Qualifying 1,qualifying,2026-07-04 02:40:00+00,2026-07-04 03:55:00+00,false,2025-12-26 18:47:24.729949+00,2026-01-05 10:02:24.373848+00
7dc6ef5c-d79b-45cf-81b6-6601df9c9498,5c037f83-2f4a-4894-ab3b-fafd9e628ef6,Sprint,sprint,2026-03-21 18:00:00+00,2026-03-21 18:25:00+00,false,2025-12-26 18:47:27.924726+00,2025-12-26 18:47:27.924726+00
814f2bf2-7813-4301-a40a-89caa9db7ca0,1881a1ae-30f8-415d-9fc2-3f7baa2c8dba,Race,race,2026-07-05 14:00:00+00,2026-07-05 16:00:00+00,false,2025-12-26 16:34:25.83594+00,2025-12-26 16:34:25.83594+00
82121c43-8c30-4fd8-ad8a-3726517a6606,eaf8e632-f93b-464f-a57c-0fe93f9200e9,Practice 1,practice,2026-06-05 11:30:00+00,2026-06-05 12:30:00+00,false,2025-12-26 16:34:24.840546+00,2025-12-26 16:34:24.840546+00
829d5ad8-6f35-4190-8953-db7531382c5e,70ea23bf-2d7d-4181-b68a-ea44e648cc28,Qualifying,qualifying,2026-10-10 13:00:00+00,2026-10-10 14:00:00+00,false,2025-12-26 16:34:28.490687+00,2025-12-26 16:34:28.490687+00
8310b97b-0ed7-4da8-8a25-fc6ead7fb894,e5589012-45e5-480c-bf4d-10208ca57bbb,Practice 1,practice,2026-11-20 00:30:00+00,2026-11-20 01:30:00+00,false,2025-12-26 16:34:29.990528+00,2026-02-13 21:40:58.710146+00
83a451a7-89a3-47a1-b3fc-66b469dfddae,64b75413-4daa-4b46-a4c3-85c0c174eb24,Race,race,2026-06-28 13:00:00+00,2026-06-28 15:00:00+00,false,2025-12-26 16:34:25.437448+00,2025-12-26 16:34:25.437448+00
843fe10f-5007-40a2-b7de-c500ee469f9a,7dc0f2d5-0312-4eeb-9476-d5dc0da4d9bf,Qualifying,qualifying,2026-09-12 14:00:00+00,2026-09-12 15:00:00+00,false,2025-12-26 16:34:27.775005+00,2025-12-26 16:34:27.775005+00
8443a3ba-b75f-481b-ba12-69133a71569c,9d67bbca-1743-4ef5-9f43-c77f4d3a4752,Sprint,sprint,2026-04-25 13:00:00+00,2026-04-25 13:25:00+00,false,2025-12-26 18:47:28.825306+00,2025-12-26 18:47:28.825306+00
84703905-04cb-4fc8-a4bc-b531a9390753,349a097a-650c-4099-a21a-f003a0459766,Sprint,sprint,2026-04-11 16:00:00+00,2026-04-11 16:25:00+00,false,2025-12-26 18:47:28.487474+00,2025-12-26 18:47:28.487474+00
84b9f472-238f-4133-a9a8-3d3a651090d5,7ba141b7-2013-4d1a-bbbd-3cb542e49e2a,Practice 1,practice,2026-04-17 13:30:00+00,2026-04-17 14:30:00+00,false,2025-12-26 16:34:23.490984+00,2026-02-13 21:18:45.423052+00
888da615-e0f4-431f-8b6a-cc8934918669,18cdf91c-b573-44f3-afad-073d46afe8ea,Practice,practice,2026-02-27 21:00:00+00,2026-02-27 21:50:00+00,false,2026-02-06 16:35:37.801635+00,2026-02-06 16:35:37.801635+00
88a51c69-41eb-4286-bb61-6f38bfc88fb4,5a035274-7d5f-443a-9b2a-f539131fef76,Practice 3,practice,2026-10-24 17:30:00+00,2026-10-24 18:30:00+00,false,2026-02-13 21:37:09.374542+00,2026-02-13 21:37:09.374542+00
8b31b709-5f8a-498f-bcd0-6cdb07b1897b,a4a557f9-0d3d-4f9f-8d52-a15d9abf7dcd,Sprint,sprint,2026-05-09 13:00:00+00,2026-05-09 13:25:00+00,false,2025-12-26 18:47:29.077205+00,2025-12-26 18:47:29.077205+00
8c4b5659-a7be-4a3f-93e7-2132301db042,680c7634-7416-477d-9bad-49899b24ac6e,Race,race,2026-08-30 12:00:00+00,2026-08-30 12:45:00+00,false,2025-12-26 18:47:31.330685+00,2025-12-26 18:47:31.330685+00
8cce18ea-1bac-4d07-9e6f-4c498586a361,bc749ddc-cdbc-4eab-83bd-517de42d8ccf,Qualifying,qualifying,2026-03-27 13:00:00+00,2026-03-27 14:00:00+00,false,2025-12-26 18:44:11.97457+00,2025-12-26 18:44:11.97457+00
8d230a96-6eef-4a95-9519-0528359ce850,d26a5482-d33e-483e-bd53-bf69fe44f295,Race,race,2026-04-26 19:00:00+00,2026-04-26 23:00:00+00,false,2025-12-26 18:33:33.933834+00,2025-12-26 18:33:33.933834+00
8dce9982-8379-4a9b-a9e3-6322748bf253,1802e474-b247-4807-ba44-4dd315d1e044,Practice 3,practice,2026-12-05 10:30:00+00,2026-12-05 11:30:00+00,false,2026-02-13 21:44:06.382533+00,2026-02-13 21:44:47.889361+00
8e4d477d-f267-4124-a6b8-c9c04404ead3,349a097a-650c-4099-a21a-f003a0459766,Race,race,2026-04-12 17:00:00+00,2026-04-12 17:45:00+00,false,2025-12-26 18:47:28.433882+00,2025-12-26 18:47:28.433882+00
8f95a0fc-0a78-4f8e-b893-55977d36d0cd,00f49c90-2e00-4a2f-a2d5-04315d1313d4,Practice 1,practice,2026-07-17 11:30:00+00,2026-07-17 12:30:00+00,false,2025-12-26 16:34:26.333+00,2025-12-26 16:34:26.333+00
9082bec9-d7ca-44d6-91fb-f95999babbcb,1881a1ae-30f8-415d-9fc2-3f7baa2c8dba,Practice 1,practice,2026-07-03 11:30:00+00,2026-07-03 12:30:00+00,false,2025-12-26 16:34:25.983321+00,2026-02-13 21:25:01.015735+00
9090240d-944f-434a-8639-42abef4d4337,e5589012-45e5-480c-bf4d-10208ca57bbb,Qualifying,qualifying,2026-11-21 04:00:00+00,2026-11-21 05:00:00+00,false,2025-12-26 16:34:29.943718+00,2026-02-13 21:41:59.376161+00
91e88415-b00a-4cea-a89b-fb6fddd14d59,e20f6a92-3e12-4a20-bc4b-9d39c3dd55d7,Race,race,2026-09-13 12:00:00+00,2026-09-13 12:45:00+00,false,2025-12-26 18:47:31.586204+00,2025-12-26 18:47:31.586204+00
92839f53-9c64-48a7-b9a5-234bab3d1340,70ea23bf-2d7d-4181-b68a-ea44e648cc28,Practice 1,practice,2026-10-09 08:30:00+00,2026-10-09 09:30:00+00,false,2025-12-26 16:34:28.594254+00,2026-02-13 21:35:35.692908+00
95c84e92-23be-4421-840b-684890968086,83bfd70f-ab1f-4b25-97c1-ba632b67d0ff,Practice 2,practice,2026-04-10 15:00:00+00,2026-04-10 16:00:00+00,false,2025-12-26 16:34:23.179788+00,2026-02-13 21:17:40.039347+00
98d5b36c-4a3e-4447-b13f-65a51c0a2420,6a20045c-af09-4b75-9ff7-48bc9c1ded82,Qualifying,qualifying,2026-05-30 17:30:00+00,2026-05-30 19:00:00+00,false,2025-12-26 18:33:35.477975+00,2025-12-26 18:33:35.477975+00
9b3f750a-481b-451d-bfe7-9c4cc7bbfc27,c26f2acc-40c2-4142-84ee-fde00607d8e8,Race,race,2026-07-12 12:00:00+00,2026-07-12 12:45:00+00,false,2025-12-26 18:47:30.723129+00,2025-12-26 18:47:30.723129+00
9dca702f-547d-46c3-876b-e35551afa3ba,b32b4832-fde0-46a4-9e17-86ce09e6b9a6,Practice 1,practice,2026-09-04 10:30:00+00,2026-09-04 11:30:00+00,false,2025-12-26 16:34:27.485959+00,2026-02-13 21:28:58.14256+00
9fd1bd1b-746b-47f0-b575-3f0ceab92440,a3a4a071-0408-4425-af98-c4d06d21838d,Race,race,2026-04-12 19:30:00+00,2026-04-12 23:30:00+00,false,2025-12-26 18:33:33.329811+00,2025-12-26 18:33:33.329811+00
a243c56b-14af-44b8-bd4f-81b4c39d9a6b,f8db5938-a835-4ba2-92fb-205a0502476f,Race,race,2026-03-01 17:00:00+00,,false,2026-02-08 21:11:28.374895+00,2026-02-08 21:11:28.374895+00
a24c208b-302e-4dfa-960d-f07b051b1fd9,83a46e1a-ae05-4b12-8011-fdafe27b2721,Race,race,2026-08-15 23:30:00+00,2026-08-16 03:30:00+00,false,2025-12-26 18:33:38.565441+00,2025-12-26 18:33:38.565441+00
a2da5724-1e52-459e-8da1-8f567a548bd7,b859578c-c59e-4679-ba3a-87a76c163b82,Race,race,2026-03-01 20:30:00+00,2026-03-02 00:30:00+00,false,2025-12-26 18:33:31.823544+00,2025-12-26 18:33:31.823544+00
a3c34a91-97cc-4b4f-8009-a39ff8f05f88,74c92224-bece-4616-8673-c5e58ae232c8,Qualifying 1,qualifying,2026-07-25 01:40:00+00,2026-07-25 02:55:00+00,false,2025-12-26 18:47:25.340025+00,2026-01-05 10:02:24.373848+00
a3eb95ee-7087-4c39-ac71-f2e3faa3ce32,5b2355be-644a-472f-a518-6aa2a209fd52,Practice 2,practice,2026-10-30 22:00:00+00,2026-10-30 23:00:00+00,false,2025-12-26 16:34:29.36096+00,2026-02-13 21:38:04.354639+00
a4b5eedf-f071-44d4-af8f-7f9f2725833c,03d171b1-023e-4c49-8728-b92ab4886893,Qualifying,qualifying,2026-09-25 12:00:00+00,2026-09-25 13:00:00+00,false,2025-12-26 16:34:28.114403+00,2025-12-26 16:34:28.114403+00
a52a9e93-77ca-4bf7-ac13-1b1abfab0fe3,ed2555d7-4a4c-4688-bcf5-30e2855284f2,Race,race,2026-07-12 14:30:00+00,2026-07-12 20:30:00+00,false,2025-12-26 18:44:12.959454+00,2025-12-26 18:44:12.959454+00
a6ab1b82-54b6-4687-9ca3-9f872c9cf9e9,a019f727-8dcb-47fe-b7d5-110b77f177a2,Race,race,2026-03-29 05:00:00+00,2026-03-29 07:00:00+00,false,2025-12-26 16:34:22.648217+00,2025-12-26 16:34:22.648217+00
a78e0258-aa48-4dd0-bffb-58bf4bbfc611,4b963d5a-900f-4e0f-8023-678444204e9a,Qualifying 2,qualifying,2026-05-03 08:40:00+00,2026-05-03 09:55:00+00,false,2025-12-26 18:47:23.616865+00,2026-01-05 10:02:24.373848+00
a7f21f2f-1093-4302-abb9-eac2881638db,c1a01483-8711-4b90-ac5a-24d089d52e39,Qualifying,qualifying,2026-04-18 22:00:00+00,2026-04-18 23:30:00+00,false,2025-12-26 18:33:33.709176+00,2025-12-26 18:33:33.709176+00
a8628027-cc44-415e-a0a7-90e309236937,ef6e9800-07c6-4b13-8153-f7bad0662cab,Qualifying,qualifying,2026-05-09 16:00:00+00,2026-05-09 17:30:00+00,false,2025-12-26 18:33:34.548813+00,2025-12-26 18:33:34.548813+00
ab222bfd-247e-47fe-beea-0854eebbe060,51c5ea70-be73-4de0-a880-88d2c21d644e,Race,race,2026-06-21 20:00:00+00,2026-06-22 00:00:00+00,false,2025-12-26 18:33:36.33567+00,2025-12-26 18:33:36.33567+00
ab5630fa-5bd5-4e6f-b069-443d6202af39,2c39c99e-c654-4a0e-9094-9aedc1decaed,Practice 3,practice,2026-11-28 14:30:00+00,2026-11-28 15:30:00+00,false,2026-02-13 21:42:53.739562+00,2026-02-13 21:42:53.739562+00
abf70a91-3a86-4712-840b-3537e8b18f1f,9e09b341-407d-4251-a0cb-e9bace5175ba,Qualifying,qualifying,2026-03-21 15:00:00+00,2026-03-21 16:30:00+00,false,2025-12-26 18:33:32.812011+00,2025-12-26 18:33:32.812011+00
ac66bbe2-c561-4e02-a558-a5449f5e1856,15ab8758-1f9c-41da-9c6e-ff6e04fde597,Qualifying,qualifying,2026-06-06 15:00:00+00,2026-06-06 16:30:00+00,false,2025-12-26 18:33:35.779763+00,2025-12-26 18:33:35.779763+00
ac918948-8eb0-48c3-938a-ad8e481520fd,d0274627-e3d9-4659-8237-21245ab763bb,Qualifying,qualifying,2026-07-18 20:00:00+00,2026-07-18 21:30:00+00,false,2025-12-26 18:33:37.6729+00,2025-12-26 18:33:37.6729+00
ad4800b5-7007-4ae3-8d1a-9323cdeacea6,257e66a9-ee2b-4b27-b09b-d4d56114798b,Practice 1,practice,2026-06-12 11:30:00+00,2026-06-12 12:30:00+00,false,2025-12-26 16:34:25.184643+00,2025-12-26 16:34:25.184643+00
ad685507-6234-45fb-a80d-b4d39910b823,ccae4e9f-b1db-41ab-adfb-1ed06c61b51f,High Line Practice,practice,2026-03-06 23:30:00+00,,false,2026-02-08 21:13:33.91792+00,2026-02-08 21:13:33.91792+00
afd34c77-1665-47ea-a4e6-ca306e2eea43,5b2355be-644a-472f-a518-6aa2a209fd52,Race,race,2026-11-01 20:00:00+00,2026-11-01 22:00:00+00,false,2025-12-26 16:34:29.209583+00,2025-12-26 16:34:29.209583+00
afe0543b-37ed-4398-8269-ed65010e7fcc,69abc5d6-4ab9-4261-9904-9e365661d09f,Practice 3,practice,2026-11-07 14:30:00+00,2026-11-07 15:30:00+00,false,2026-02-13 21:39:31.127326+00,2026-02-13 21:39:31.127326+00
aff15b0b-b678-4a2e-ae59-76beb1a3d043,b32b30e2-ee4f-4cde-af6e-8b0e073bf9fd,Qualifying,qualifying,2026-07-04 21:00:00+00,2026-07-04 22:30:00+00,false,2025-12-26 18:33:37.049117+00,2025-12-26 18:33:37.049117+00
b01656b7-b166-4916-a956-93c976690510,0ba76c77-9466-41f6-b59a-8f59ed2b87dd,Sprint,sprint,2026-06-27 13:00:00+00,2026-06-27 13:25:00+00,false,2025-12-26 18:47:30.496027+00,2025-12-26 18:47:30.496027+00
b1cff403-36ef-48ce-b5f3-fb94bb8f59f4,d95bad87-83fe-4099-a8cf-9a3e989d003a,Race,race,2026-01-31 19:00:00+00,2026-01-31 20:00:00+00,false,2025-12-26 18:47:21.897565+00,2025-12-26 18:47:21.897565+00
b2aa9659-d69b-4608-9ef0-08c2e775dd78,82c1b3f6-0ee7-4bf3-9b7e-612ad09a36bb,Qualifying,qualifying,2026-05-02 12:00:00+00,2026-05-02 13:00:00+00,false,2025-12-26 18:44:15.34862+00,2025-12-26 18:44:15.34862+00
b2ae3916-9888-4f75-bd03-434ae721cb41,6b5e99c9-ebe9-4009-8b68-5422153735b3,Race 1,race,2026-07-04 07:00:00+00,2026-07-04 08:00:00+00,false,2025-12-26 18:47:24.670392+00,2026-01-05 10:02:24.373848+00
b6727a0d-7944-4bce-858d-49a61c98f54b,098f26df-f591-40f5-985a-fc04984bfb59,Race,race,2026-11-01 19:00:00+00,2026-11-01 23:00:00+00,false,2025-12-26 18:33:41.479218+00,2025-12-26 18:33:41.479218+00
b7005753-32c7-47d8-a398-2bc5c4abf1f4,2e62a918-56ab-4a67-aa1b-9f7a58c84815,Race,race,2026-05-24 20:00:00+00,2026-05-24 22:00:00+00,false,2025-12-26 16:34:24.291977+00,2025-12-26 16:34:24.291977+00
b757a46a-4919-4279-a623-a41f2104663b,e20f6a92-3e12-4a20-bc4b-9d39c3dd55d7,Sprint,sprint,2026-09-12 13:00:00+00,2026-09-12 13:25:00+00,false,2025-12-26 18:47:31.642841+00,2025-12-26 18:47:31.642841+00
b8589430-0037-475f-93e2-602626d4d001,a9a17216-95c0-446c-aaef-26541c9ad88d,Race,race,2026-10-10 13:00:00+00,2026-10-10 17:00:00+00,false,2025-12-26 18:44:16.367925+00,2025-12-26 18:44:16.367925+00
bb2588a5-95b5-465a-a6fa-45ed0d8e60ff,70ea23bf-2d7d-4181-b68a-ea44e648cc28,Sprint Qualifying,practice,2026-10-09 12:30:00+00,2026-10-09 13:14:00+00,false,2025-12-26 16:34:28.640661+00,2026-02-13 21:36:05.645919+00
bb2975be-da0c-4cc6-885c-a01990f3d16a,0ba76c77-9466-41f6-b59a-8f59ed2b87dd,Race,race,2026-06-28 12:00:00+00,2026-06-28 12:45:00+00,false,2025-12-26 18:47:30.443614+00,2025-12-26 18:47:30.443614+00
bcbdab2b-2270-4562-8481-7480cf758b9e,70ea23bf-2d7d-4181-b68a-ea44e648cc28,Race,race,2026-10-11 12:00:00+00,2026-10-11 14:00:00+00,false,2025-12-26 16:34:28.442862+00,2025-12-26 16:34:28.442862+00
bd765248-e95e-4e03-8ccf-11b05974f89c,7dc0f2d5-0312-4eeb-9476-d5dc0da4d9bf,Practice 2,practice,2026-09-11 15:00:00+00,2026-09-11 16:00:00+00,false,2025-12-26 16:34:27.875738+00,2025-12-26 16:34:27.875738+00
c265436e-c2c4-4848-8d78-97020116c195,71d9a6c2-dffb-4e7e-9775-8ca9c924a99b,Race,race,2026-10-04 19:30:00+00,2026-10-04 23:30:00+00,false,2025-12-26 18:33:40.69876+00,2025-12-26 18:33:40.69876+00
c49a9500-b364-4bfe-8244-fdcadb9767e9,89fdda92-9c22-4039-b54d-9513efd0141d,Free Practice 2,practice,2026-02-07 08:00:00+00,2026-02-07 09:30:00+00,false,2026-01-26 12:59:42.844974+00,2026-01-26 12:59:42.844974+00
c589bf6f-1952-437b-91c6-bc36780129bc,a1e1b473-ff83-4dc5-9d69-182e6fbd873b,Race,race,2026-03-08 04:00:00+00,2026-03-08 06:00:00+00,false,2025-12-26 16:34:21.854668+00,2025-12-26 16:34:21.854668+00
c5c2d22b-cddc-4f1c-bcc4-0ef74e223db1,1802e474-b247-4807-ba44-4dd315d1e044,Practice 2,practice,2026-12-04 13:00:00+00,2026-12-04 14:00:00+00,false,2025-12-26 16:34:30.735467+00,2026-02-13 21:44:40.534934+00
c64d9910-d284-4061-8cc5-4963735ab25e,eaf8e632-f93b-464f-a57c-0fe93f9200e9,Race,race,2026-06-07 13:00:00+00,2026-06-07 15:00:00+00,false,2025-12-26 16:34:24.695912+00,2025-12-26 16:34:24.695912+00
c67431e0-0b48-42b9-a452-9d684d2960ad,b3b4a273-814e-4ae6-b1ff-e99ff34546ce,Qualifying,qualifying,2026-06-27 20:00:00+00,2026-06-27 21:30:00+00,false,2025-12-26 18:33:36.703195+00,2025-12-26 18:33:36.703195+00
c7476b10-7a24-413b-ab61-454be2eef442,9dc8355d-c7b9-495b-a615-7c94899cdf01,Race,race,2026-11-15 13:00:00+00,2026-11-15 13:45:00+00,false,2025-12-26 18:47:33.149222+00,2025-12-26 18:47:33.149222+00
c765ab38-0db5-496c-b25f-6d75009d3659,257e66a9-ee2b-4b27-b09b-d4d56114798b,Practice 3,practice,2026-06-13 10:30:00+00,2026-06-13 11:30:00+00,false,2026-02-13 21:23:34.523843+00,2026-02-13 21:23:34.523843+00
c8484975-7419-42a9-80aa-c34493b5f3c6,83bfd70f-ab1f-4b25-97c1-ba632b67d0ff,Practice 1,practice,2026-04-10 11:30:00+00,2026-04-10 12:30:00+00,false,2025-12-26 16:34:23.121927+00,2026-02-13 21:17:28.909311+00
c8e00d8e-5acf-40c6-9f88-bba4b7ec0377,69abc5d6-4ab9-4261-9904-9e365661d09f,Practice 2,practice,2026-11-06 19:00:00+00,2026-11-06 20:00:00+00,false,2025-12-26 16:34:29.697104+00,2026-02-13 21:39:10.026876+00
c96c6d81-5774-44f2-8949-83ab58184b2d,f8db5938-a835-4ba2-92fb-205a0502476f,Practice 1,practice,2026-02-27 18:30:00+00,,false,2026-02-08 21:04:58.022413+00,2026-02-08 21:10:05.601225+00
c98b66cf-f7da-4a3d-9447-c10488b7a1c7,6b5e99c9-ebe9-4009-8b68-5422153735b3,Race 2,race,2026-07-05 07:00:00+00,2026-07-05 08:00:00+00,false,2025-12-26 18:47:24.929334+00,2026-01-05 10:02:24.373848+00
c9bb298b-f0ec-48ae-ae2e-847fe7ae7af0,b14f4ccc-5f7d-4b3d-93b3-d504e0a12040,Race 1,race,2026-02-13 17:00:00+00,2026-02-13 18:00:00+00,false,2025-12-26 18:47:22.22673+00,2026-01-05 10:02:24.373848+00
cac28a7d-7550-4d32-8c92-139b3df6fb7c,1a5f39a7-e21f-4822-93d5-10e169e780a4,Race,race,2026-09-27 02:00:00+00,2026-09-27 08:00:00+00,false,2025-12-26 18:44:13.515768+00,2025-12-26 18:44:13.515768+00
cb1a431d-a66f-4f25-b541-e2d2d277f037,86b2de7d-af84-415a-ac72-581cb034fb5a,Qualifying,qualifying,2026-01-31 12:00:00+00,2026-01-31 13:00:00+00,false,2026-01-26 12:59:42.202069+00,2026-01-26 12:59:42.202069+00
cbc8810a-0fec-41a1-927e-0778c34914a2,5b2355be-644a-472f-a518-6aa2a209fd52,Practice 3,practice,2026-10-31 17:30:00+00,2026-10-31 18:30:00+00,false,2026-02-13 21:38:19.880746+00,2026-02-13 21:38:19.880746+00
cc122773-6785-4082-99b1-a6460fdfe51f,9d67bbca-1743-4ef5-9f43-c77f4d3a4752,Race,race,2026-04-26 12:00:00+00,2026-04-26 12:45:00+00,false,2025-12-26 18:47:28.76872+00,2025-12-26 18:47:28.76872+00
ce0e2163-7fda-4cfe-91d1-3418693b25b1,5a035274-7d5f-443a-9b2a-f539131fef76,Practice 2,practice,2026-10-23 21:00:00+00,2026-10-23 22:00:00+00,false,2025-12-26 16:34:28.980819+00,2026-02-13 21:36:47.220925+00
cf08487c-4c4a-47aa-bc0e-c72cb279a570,9168ab94-182d-472a-b637-8769c5156116,Qualifying,qualifying,2026-08-22 14:00:00+00,2026-08-22 15:00:00+00,false,2025-12-26 16:34:26.982864+00,2025-12-26 16:34:26.982864+00
d06b90d5-7e56-4e36-baf1-054dfb390092,03d171b1-023e-4c49-8728-b92ab4886893,Practice 3,practice,2026-09-25 08:30:00+00,2026-09-25 09:30:00+00,false,2026-02-13 21:34:20.05099+00,2026-02-13 21:34:20.05099+00
d1d6ed9b-e5f2-4bae-aa54-f3b43d75ffbf,53558e93-a2eb-4fad-a854-248dbd736f18,Practice 2,practice,2026-07-24 15:00:00+00,2026-07-24 16:00:00+00,false,2025-12-26 16:34:26.724567+00,2025-12-26 16:34:26.724567+00
d20c6730-4543-4877-bb16-0f4fc3acb8d6,d95bad87-83fe-4099-a8cf-9a3e989d003a,Qualifying,qualifying,2026-01-31 14:40:00+00,2026-01-31 15:55:00+00,false,2025-12-26 18:47:21.957734+00,2025-12-26 18:47:21.957734+00
d213e7ce-02cc-42a9-8584-713a3f3613db,eb978f24-fde6-42c1-be62-38901714b6bc,Daytona,practice,2026-02-15 00:30:00+00,,false,2026-02-02 08:08:32.984531+00,2026-02-02 08:08:32.984531+00
d228ce1b-24a9-4c2c-bc29-288cda1b380a,78db63c6-dcef-46a7-abf0-a372864baeac,Qualifying,qualifying,2026-09-12 16:00:00+00,2026-09-12 17:30:00+00,false,2025-12-26 18:33:39.782077+00,2025-12-26 18:33:39.782077+00
d2664947-a43b-4355-ac21-35ca4cd19eb4,ef6e9800-07c6-4b13-8153-f7bad0662cab,Race,race,2026-05-10 19:00:00+00,2026-05-10 23:00:00+00,false,2025-12-26 18:33:34.487485+00,2025-12-26 18:33:34.487485+00
d461f2da-1018-4356-ac1a-16c96ec31a7f,2c39c99e-c654-4a0e-9094-9aedc1decaed,Qualifying,qualifying,2026-11-28 18:00:00+00,2026-11-28 19:00:00+00,false,2025-12-26 16:34:30.290568+00,2025-12-26 16:34:30.290568+00
d5b1db7e-2005-4ebf-b050-833ce20707da,89fdda92-9c22-4039-b54d-9513efd0141d,Race 1 (4 Hours),race,2026-02-08 07:00:00+00,2026-02-08 11:00:00+00,false,2026-01-26 12:59:42.844974+00,2026-01-26 12:59:42.844974+00
d7539bab-3f1d-4968-8743-6333e9fb58f5,eb978f24-fde6-42c1-be62-38901714b6bc,P & Q,practice,2026-02-04 18:30:00+00,2026-02-04 20:30:00+00,false,2026-01-31 08:38:56.726277+00,2026-02-02 08:05:59.735388+00
d8be4bf5-f853-48aa-a0b9-fd08e4ba3fe1,745e9d87-6741-4f9f-9619-67d6403e5044,Race,race,2026-07-26 18:30:00+00,2026-07-26 22:30:00+00,false,2025-12-26 18:33:37.911203+00,2025-12-26 18:33:37.911203+00
d9362489-3cba-4bbf-8a8b-a92d83956580,83bfd70f-ab1f-4b25-97c1-ba632b67d0ff,Practice 3,practice,2026-04-11 12:30:00+00,2026-04-11 13:30:00+00,false,2026-02-13 21:18:06.305394+00,2026-02-13 21:18:06.305394+00
d93ff1e7-0057-4e39-a024-955c43147773,2069f762-2da9-4539-bc21-d351b32ab1f7,Practice 2,practice,2026-03-14 14:30:00+00,,false,2026-02-08 21:19:22.804859+00,2026-02-08 21:19:22.804859+00
d959bee0-6b44-48a5-84b8-a35a5fe8d923,268cd7a2-09c4-4c58-bafb-2710f48ef30a,Qualifying,qualifying,2026-09-05 20:00:00+00,2026-09-05 21:00:00+00,false,2025-12-26 18:44:13.315859+00,2025-12-26 18:44:13.315859+00
d9a75f95-dea0-4ab3-921c-9ab7ee75903a,2c39c99e-c654-4a0e-9094-9aedc1decaed,Practice 1,practice,2026-11-27 13:30:00+00,2026-11-27 14:30:00+00,false,2025-12-26 16:34:30.335343+00,2026-02-13 21:42:26.89671+00
d9e1b587-d5e4-4c77-828c-6eecc3d77e31,eaf8e632-f93b-464f-a57c-0fe93f9200e9,Practice 2,practice,2026-06-05 15:00:00+00,2026-06-05 16:00:00+00,false,2025-12-26 16:34:24.889096+00,2025-12-26 16:34:24.889096+00
da764f79-fbb2-4f62-ae79-a7de4e43e1f9,78db63c6-dcef-46a7-abf0-a372864baeac,Race,race,2026-09-13 19:30:00+00,2026-09-13 23:30:00+00,false,2025-12-26 18:33:39.732934+00,2025-12-26 18:33:39.732934+00
daf35e47-e951-4f38-b3a9-6906075ef9af,53f160c4-ad38-43dd-bc6a-76363b4f53ed,Race,race,2026-10-11 18:00:00+00,2026-10-11 22:00:00+00,false,2025-12-26 18:33:41.114368+00,2025-12-26 18:33:41.114368+00
db49f879-fbc1-4548-b933-a005c87ab600,ef48b8a4-4a41-4290-8330-2f18bdc00984,Race,race,2026-04-19 11:00:00+00,2026-04-19 17:00:00+00,false,2025-12-26 18:44:12.17794+00,2025-12-26 18:44:12.17794+00
dbce30c9-0cab-4d07-99a3-de2475c7b157,607d50c2-0bc7-4796-8533-2ca83cfded27,Race,race,2026-10-04 05:00:00+00,2026-10-04 05:45:00+00,false,2025-12-26 18:47:32.116282+00,2025-12-26 18:47:32.116282+00
dc9aafab-227b-48d8-a20b-d94f9bbf52c6,742020d1-92d5-4f7d-ab20-07f7d9b4f8d6,Practice,practice,2026-02-13 22:35:00+00,,false,2026-02-11 19:57:32.510453+00,2026-02-11 19:57:32.510453+00
dd01a6c6-ffc1-422c-837a-952ac4147270,9a17d87a-af3a-49a0-84c0-8ac65fc216cb,Race,race,2026-03-29 19:00:00+00,2026-03-29 23:00:00+00,false,2025-12-26 18:33:33.020416+00,2025-12-26 18:33:33.020416+00
de3a688f-c903-4ac6-a188-b593f664a602,86b2de7d-af84-415a-ac72-581cb034fb5a,Warm Up,warmup,2026-02-01 05:00:00+00,2026-02-01 05:20:00+00,false,2026-01-26 12:59:42.202069+00,2026-01-26 12:59:42.202069+00
de417365-6926-4d48-883c-0ba3c6865ecd,a019f727-8dcb-47fe-b7d5-110b77f177a2,Practice 2,practice,2026-03-27 06:00:00+00,2026-03-27 07:00:00+00,false,2025-12-26 16:34:22.816859+00,2026-02-13 21:15:32.46754+00
df3c226e-cbd5-472e-b397-1afc5cd38dbc,9e09b341-407d-4251-a0cb-e9bace5175ba,Race,race,2026-03-22 19:00:00+00,2026-03-22 23:00:00+00,false,2025-12-26 18:33:32.761192+00,2026-02-14 12:05:08.334487+00
df69c5ce-ec68-4cf0-928a-60dbd26efc7e,a1e1b473-ff83-4dc5-9d69-182e6fbd873b,Qualifying,qualifying,2026-03-07 05:00:00+00,2026-03-07 06:00:00+00,false,2025-12-26 16:34:21.89898+00,2025-12-26 16:34:21.89898+00
e059149c-be4e-4dbc-a6b4-14ef1c3449ab,56d7a414-c794-47b6-9bfc-03ad3e41f397,Race 1,race,2026-08-15 16:00:00+00,2026-08-15 17:00:00+00,false,2025-12-26 18:47:25.83768+00,2026-01-05 10:02:24.373848+00
e17be1f6-6bec-4be5-8061-07a9f6c4b55b,4328f7aa-3b22-4536-b1f8-681277ac10c4,Sprint,sprint,2026-05-30 13:00:00+00,2026-05-30 13:25:00+00,false,2025-12-26 18:47:29.598116+00,2025-12-26 18:47:29.598116+00
e1bd1408-8e59-4395-a60b-81b98398332c,b3b4a273-814e-4ae6-b1ff-e99ff34546ce,Race,race,2026-06-28 19:30:00+00,2026-06-28 23:30:00+00,false,2025-12-26 18:33:36.650576+00,2025-12-26 18:33:36.650576+00
e1d0ac17-2d99-4b2a-9b29-b7eeee38096a,7dc0f2d5-0312-4eeb-9476-d5dc0da4d9bf,Practice 1,practice,2026-09-11 11:30:00+00,2026-09-11 12:30:00+00,false,2025-12-26 16:34:27.823423+00,2025-12-26 16:34:27.823423+00
e1ffedae-3e8e-458a-810a-4011541f4e88,a019f727-8dcb-47fe-b7d5-110b77f177a2,Practice 3,practice,2026-03-28 02:30:00+00,2026-03-28 03:30:00+00,false,2026-02-13 21:15:57.478001+00,2026-02-13 21:15:57.478001+00
e2fe7872-6abf-4631-91b0-6c317adf797a,6a61179c-baab-4f84-b6bd-266fc216cdbf,Race,race,2026-10-25 03:00:00+00,2026-10-25 03:45:00+00,false,2025-12-26 18:47:32.630096+00,2025-12-26 18:47:32.630096+00
e5535027-06bf-4a12-a8fd-c2b91ed88f3b,91894bab-1c49-46a5-9b82-501dab8ded33,Race,race,2026-04-12 09:30:00+00,2026-04-12 13:30:00+00,false,2025-12-26 18:44:15.028668+00,2025-12-26 18:44:15.028668+00
e62068e5-a8d8-4cea-ab0b-5e558a94a28a,607d50c2-0bc7-4796-8533-2ca83cfded27,Sprint,sprint,2026-10-03 06:00:00+00,2026-10-03 06:25:00+00,false,2025-12-26 18:47:32.167588+00,2025-12-26 18:47:32.167588+00
e67943fc-bae2-499e-b224-654e9e49cb4a,18cdf91c-b573-44f3-afad-073d46afe8ea,Race,race,2026-02-28 17:00:00+00,,false,2026-02-06 16:36:24.731086+00,2026-02-06 16:36:24.731086+00
e82b0b24-8c54-40d0-9b40-57d23d4cb497,742020d1-92d5-4f7d-ab20-07f7d9b4f8d6,Qualifying 1,qualifying,2026-02-13 00:00:00+00,,false,2025-12-26 18:33:31.310261+00,2026-02-11 19:27:38.662799+00
e8435654-199b-4d64-a708-ebc3b7505d42,9dc8355d-c7b9-495b-a615-7c94899cdf01,Sprint,sprint,2026-11-14 15:00:00+00,2026-11-14 15:25:00+00,false,2025-12-26 18:47:33.203015+00,2025-12-26 18:47:33.203015+00
e947257d-d8ec-46ca-a68e-9f5059a3cd8d,f55561de-df3a-42da-8ffb-7a5efc534024,Qualifying,qualifying,2026-06-13 15:30:00+00,2026-06-13 17:00:00+00,false,2025-12-26 18:33:36.087504+00,2025-12-26 18:33:36.087504+00
e9bcce20-a4ad-4550-8cc4-1a3a006cef00,a2b5d194-1c3d-4cca-b0a1-09fbd0384e38,Sprint,sprint,2026-10-31 07:00:00+00,2026-10-31 07:25:00+00,false,2025-12-26 18:47:32.946188+00,2025-12-26 18:47:32.946188+00
ead6955f-c0a6-44e7-9b15-b2edb966df27,2069f762-2da9-4539-bc21-d351b32ab1f7,Race,race,2026-03-15 17:30:00+00,,false,2026-02-08 21:20:37.015435+00,2026-02-08 21:20:37.015435+00
eb2c9f8a-83af-49ad-b0c6-2c80718bee19,9168ab94-182d-472a-b637-8769c5156116,Practice 1,practice,2026-08-21 10:30:00+00,2026-08-21 11:30:00+00,false,2025-12-26 16:34:27.081058+00,2026-02-13 21:28:01.866212+00
ec58e75b-c86c-4069-98ab-2a22e103a8bd,e5589012-45e5-480c-bf4d-10208ca57bbb,Practice 3,practice,2026-11-21 00:30:00+00,2026-11-21 01:30:00+00,false,2026-02-13 21:40:29.218726+00,2026-02-13 21:40:29.218726+00
ec7082f0-e238-4039-a215-6a6ccccc1792,b14f4ccc-5f7d-4b3d-93b3-d504e0a12040,Qualifying 2,qualifying,2026-02-14 12:20:00+00,2026-02-14 13:35:00+00,false,2025-12-26 18:47:22.557408+00,2026-01-05 10:02:24.373848+00
ece48874-a54a-4d64-bd69-25ad6c681821,b32b4832-fde0-46a4-9e17-86ce09e6b9a6,Race,race,2026-09-06 13:00:00+00,2026-09-06 15:00:00+00,false,2025-12-26 16:34:27.386787+00,2025-12-26 16:34:27.386787+00
ed64579e-3927-40fb-addd-dfdce4c9e396,f8db5938-a835-4ba2-92fb-205a0502476f,Qualifications,qualifying,2026-02-28 21:30:00+00,,false,2026-02-08 21:10:36.754922+00,2026-02-08 21:10:36.754922+00
ed81ebbb-8830-4f15-9cff-fd7fd111d27d,b14f4ccc-5f7d-4b3d-93b3-d504e0a12040,Race 2,race,2026-02-14 17:00:00+00,2026-02-14 18:00:00+00,false,2025-12-26 18:47:22.503608+00,2026-01-05 10:02:24.373848+00
ee5e591c-6d3c-4711-95cb-22ae1d3e59ae,64b75413-4daa-4b46-a4c3-85c0c174eb24,Practice 1,practice,2026-06-26 11:30:00+00,2026-06-26 12:30:00+00,false,2025-12-26 16:34:25.549205+00,2025-12-26 16:34:25.549205+00
ef26a3a1-47ce-495a-bd46-8789dfdda81b,9168ab94-182d-472a-b637-8769c5156116,Race,race,2026-08-23 13:00:00+00,2026-08-23 15:00:00+00,false,2025-12-26 16:34:26.928317+00,2025-12-26 16:34:26.928317+00
ef83db3a-9f44-4975-b929-95d9eff092ba,a120d402-ac6b-4f0a-aab5-dcde8cd54a57,Sprint,sprint,2026-08-08 14:00:00+00,2026-08-08 14:25:00+00,false,2025-12-26 18:47:31.066065+00,2025-12-26 18:47:31.066065+00
f108798f-9107-4aeb-8351-1fd6be1198f5,2e62a918-56ab-4a67-aa1b-9f7a58c84815,Sprint,sprint,2026-05-23 16:00:00+00,2026-05-23 17:00:00+00,false,2025-12-26 16:34:24.395562+00,2025-12-26 16:34:24.395562+00
f135996a-abb8-423b-a960-ed3a27b66f55,8876f04f-8a03-4421-b385-8f56c8bd3485,Qualifying,qualifying,2026-03-14 07:00:00+00,2026-03-14 08:00:00+00,false,2025-12-26 16:34:22.299416+00,2025-12-26 16:34:22.299416+00
f16eb08e-7af3-46c4-a61f-424f879b08ed,6b5e99c9-ebe9-4009-8b68-5422153735b3,Qualifying 2,qualifying,2026-07-05 02:40:00+00,2026-07-05 03:55:00+00,false,2025-12-26 18:47:24.981134+00,2026-01-05 10:02:24.373848+00
f24c75ba-4ac2-4c90-80fe-eb098e4fa24d,fda49d35-0398-453f-9f5c-9adfac48c0d0,Qualifying,qualifying,2026-08-08 17:30:00+00,2026-08-08 19:00:00+00,false,2025-12-26 18:33:38.317013+00,2025-12-26 18:33:38.317013+00
f2e14dc7-3380-420c-8b0e-d1e416f07ea2,d606dd07-11d1-40b5-b667-50764b619a4d,Qualifying,qualifying,2026-05-02 20:00:00+00,2026-05-02 21:00:00+00,false,2025-12-26 16:34:23.807971+00,2025-12-26 16:34:23.807971+00
f3b76e57-5fe8-4e01-a19d-efd4bb40608e,3328f55c-2f9a-4668-bd0a-a6af301a6633,Sprint,sprint,2026-03-28 20:00:00+00,2026-03-28 20:25:00+00,false,2025-12-26 18:47:28.197936+00,2025-12-26 18:47:28.197936+00
f424d967-2afb-4597-95d1-d467927223b0,4b963d5a-900f-4e0f-8023-678444204e9a,Race 1,race,2026-05-02 13:00:00+00,2026-05-02 14:00:00+00,false,2025-12-26 18:47:23.30108+00,2026-01-05 10:02:24.373848+00
f4876e28-d5b6-4eee-88f2-78f6733a93b1,49812b30-74a5-4a76-a1ef-a333860da6a8,Race,race,2026-07-12 23:00:00+00,2026-07-13 03:00:00+00,false,2025-12-26 18:33:37.24962+00,2025-12-26 18:33:37.24962+00
f58b5d3c-0d39-41c2-aa20-991a99b641ab,ef48b8a4-4a41-4290-8330-2f18bdc00984,Qualifying,qualifying,2026-04-18 12:45:00+00,2026-04-18 13:45:00+00,false,2025-12-26 18:44:12.233878+00,2025-12-26 18:44:12.233878+00
f720270a-9898-463e-9988-2b96dbb10923,50c3195d-0881-4219-8f3d-b6e1bc18eb7c,Qualifying,qualifying,2026-11-07 17:00:00+00,2026-11-07 18:30:00+00,false,2025-12-26 18:33:42.42792+00,2025-12-26 18:33:42.42792+00
f7abc66c-48c9-4024-b17f-ae7681e92a9b,64b75413-4daa-4b46-a4c3-85c0c174eb24,Practice 2,practice,2026-06-26 15:00:00+00,2026-06-26 16:00:00+00,false,2025-12-26 16:34:25.629824+00,2025-12-26 16:34:25.629824+00
f7f10357-8af8-4cc7-ae8c-058194c5441b,345cafb1-599e-4ef4-89a2-6d0df764ec36,Race,race,2026-05-18 00:00:00+00,2026-05-18 04:00:00+00,false,2025-12-26 18:33:34.806593+00,2025-12-26 18:33:34.806593+00
f8a8eeab-b3b1-41d7-b8fc-a1e90f5a207f,8876f04f-8a03-4421-b385-8f56c8bd3485,Sprint,sprint,2026-03-14 03:00:00+00,2026-03-14 04:00:00+00,false,2025-12-26 16:34:22.358662+00,2025-12-26 16:34:22.358662+00
f8bc9fa2-8d7a-407d-bea4-6a097e3d260a,03d171b1-023e-4c49-8728-b92ab4886893,Practice 2,practice,2026-09-24 12:00:00+00,2026-09-24 13:00:00+00,false,2025-12-26 16:34:28.216393+00,2026-02-13 21:33:50.171739+00
fa625a62-d712-441f-9f01-42a04d37458b,86b2de7d-af84-415a-ac72-581cb034fb5a,Race 2 (4 Hours),race,2026-02-01 13:00:00+00,2026-02-01 17:00:00+00,false,2026-01-26 12:59:42.202069+00,2026-01-26 12:59:42.202069+00
fa705cb8-ed82-4589-be1f-c5b3f81f07fc,fda49d35-0398-453f-9f5c-9adfac48c0d0,Race,race,2026-08-09 19:30:00+00,2026-08-09 23:30:00+00,false,2025-12-26 18:33:38.273104+00,2025-12-26 18:33:38.273104+00
fabf32f0-671e-449a-9dd6-8646e3c23507,f8db5938-a835-4ba2-92fb-205a0502476f,Warmup,warmup,2026-03-01 14:00:00+00,,false,2026-02-08 21:11:01.571262+00,2026-02-08 21:11:01.571262+00
fb1b1528-15c0-4d73-af6c-86052d8045f5,51c5ea70-be73-4de0-a880-88d2c21d644e,Qualifying,qualifying,2026-06-20 21:00:00+00,2026-06-20 22:30:00+00,false,2025-12-26 18:33:36.387264+00,2025-12-26 18:33:36.387264+00
fc051a3b-5639-469a-ade8-057cbf25f0e4,71d9a6c2-dffb-4e7e-9775-8ca9c924a99b,Qualifying,qualifying,2026-10-03 19:00:00+00,2026-10-03 20:30:00+00,false,2025-12-26 18:33:40.771437+00,2025-12-26 18:33:40.771437+00
fc5e1d6f-e4be-43a3-9667-153c4c29425e,1802e474-b247-4807-ba44-4dd315d1e044,Practice 1,practice,2026-12-04 09:30:00+00,2026-12-04 10:30:00+00,false,2025-12-26 16:34:30.687463+00,2026-02-13 21:44:32.055177+00
fca7297e-62e5-4c9e-98d9-72705bc534f1,7ba141b7-2013-4d1a-bbbd-3cb542e49e2a,Race,race,2026-04-19 17:00:00+00,2026-04-19 19:00:00+00,false,2025-12-26 16:34:23.383292+00,2025-12-26 16:34:23.383292+00
fd7ae86d-b9d7-4b9e-bf5a-6649637951dd,50c3195d-0881-4219-8f3d-b6e1bc18eb7c,Race,race,2026-11-08 20:00:00+00,2026-11-09 00:00:00+00,false,2025-12-26 18:33:42.369927+00,2025-12-26 18:33:42.369927+00
fd92f618-57df-407d-8e65-da88bd1675dd,f55561de-df3a-42da-8ffb-7a5efc534024,Race,race,2026-06-14 19:00:00+00,2026-06-14 23:00:00+00,false,2025-12-26 18:33:36.033588+00,2025-12-26 18:33:36.033588+00
fe96bba9-cb2e-4bd3-ae41-e1dbc72b89b3,c26f2acc-40c2-4142-84ee-fde00607d8e8,Sprint,sprint,2026-07-11 13:00:00+00,2026-07-11 13:25:00+00,false,2025-12-26 18:47:30.781086+00,2025-12-26 18:47:30.781086+00
ff9a5665-5458-401c-9880-f0ec76652bdb,ccae4e9f-b1db-41ab-adfb-1ed06c61b51f,Final Practice,practice,2026-03-07 00:00:00+00,,false,2026-02-08 21:14:34.779903+00,2026-02-08 21:15:13.335638+00