id,championship_id,circuit_id,name,round_number,season,start_date,end_date,is_confirmed,is_cancelled,metadata,created_at,updated_at
00b19c1d-f481-454d-9b2d-937b91d3afa4,59d39d6c-f8a5-4096-9044-54268ef8b1ea,61e36826-91e7-46ca-9579-4169d1539621,Circuit Paul Ricard,1,2026,2026-04-10,2026-04-12,true,false,{},2026-01-05 09:43:47.291758+00,2026-01-05 09:56:54.427103+00
00f49c90-2e00-4a2f-a2d5-04315d1313d4,e6b50f04-9ffe-479b-bf96-89560b99131b,c70fd478-cc73-479b-b76a-59532f1c38f4,Belgian Grand Prix,12,2026,2026-07-17,2026-07-19,true,false,"{""has_sprint"":false}",2025-12-26 16:23:56.310539+00,2025-12-26 16:34:26.132572+00
03d171b1-023e-4c49-8728-b92ab4886893,e6b50f04-9ffe-479b-bf96-89560b99131b,3859f9c8-05b2-4d5f-9383-6e0fe8328adc,Azerbaijan Grand Prix,17,2026,2026-09-24,2026-09-26,true,false,"{""has_sprint"":false}",2025-12-26 16:23:58.107713+00,2025-12-26 16:34:27.970016+00
05705f98-29c3-446d-9e30-44b28ba65f52,d36e796d-42be-46c4-bd15-1beb5f08dde9,13c3269c-f6e2-44fa-b098-a502c7064920,Sonsio Grand Prix,6,2026,2026-05-08,2026-05-09,true,false,{},2026-02-08 20:08:09.66726+00,2026-02-08 20:26:11.768577+00
098f26df-f591-40f5-985a-fc04984bfb59,4510b607-ecca-4c02-875b-ae25ab2a9784,c87325d6-c350-4bcc-bf2e-32d14a4e3fd3,Xfinity 500,37,2026,2026-10-30,2026-11-01,true,false,"{""is_non_points"":false}",2025-12-26 18:33:41.325003+00,2026-02-14 12:28:38.685256+00
0ba76c77-9466-41f6-b59a-8f59ed2b87dd,0d273401-4838-43fc-a908-cd5087ec6430,598e3632-4a4e-4f43-ba93-b74aee238c5a,Dutch GP,11,2026,2026-06-26,2026-06-28,true,false,{},2025-12-26 18:47:30.346089+00,2025-12-26 18:47:30.346089+00
1309617e-d334-4199-8810-ff1c471dc267,0d273401-4838-43fc-a908-cd5087ec6430,4239abab-7378-45fd-8fcc-cefc1b8f0299,Czech GP,10,2026,2026-06-19,2026-06-21,true,false,{},2025-12-26 18:47:30.013952+00,2025-12-26 18:47:30.013952+00
13b84182-7fef-4d5b-8bc9-09236fe1add1,e21003ed-3d72-42af-b8b5-56e61e60ebd5,90622c8b-280c-4ccb-af0b-2ff286d9fe11,Motul Petit Le Mans,11,2026,2026-09-30,2026-10-03,true,false,{},2026-01-05 09:43:47.291758+00,2026-01-05 09:56:54.427103+00
15ab8758-1f9c-41da-9c6e-ff6e04fde597,4510b607-ecca-4c02-875b-ae25ab2a9784,bb42311c-f3bc-4916-837a-7a02a4cf98f4,FireKeepers Casino 400,17,2026,2026-06-05,2026-06-07,true,false,"{""is_non_points"":false}",2025-12-26 18:33:35.625148+00,2026-02-14 12:10:43.499982+00
170a1296-79e3-4131-8bca-601541538b3a,e21003ed-3d72-42af-b8b5-56e61e60ebd5,9ec16b94-927e-4b00-8e6f-ecef15a4da1f,Acura Grand Prix of Long Beach,3,2026,2026-04-17,2026-04-18,true,false,{},2026-01-05 09:43:47.291758+00,2026-01-05 09:56:54.427103+00
1802e474-b247-4807-ba44-4dd315d1e044,e6b50f04-9ffe-479b-bf96-89560b99131b,6c9858e4-1ba8-4e35-a2fc-2cd0e6e5a6ae,Abu Dhabi Grand Prix,24,2026,2026-12-04,2026-12-06,true,false,"{""has_sprint"":false}",2025-12-26 16:24:00.201877+00,2025-12-26 16:34:30.495537+00
1881a1ae-30f8-415d-9fc2-3f7baa2c8dba,e6b50f04-9ffe-479b-bf96-89560b99131b,cf556694-da73-49ac-928a-16e31d1d6c5e,British Grand Prix,11,2026,2026-07-03,2026-07-05,true,false,"{""has_sprint"":true}",2025-12-26 16:23:55.895093+00,2025-12-26 16:34:25.740095+00
18cdf91c-b573-44f3-afad-073d46afe8ea,4cb4210b-fc33-48d5-9731-885e63d544c9,889c4142-ba18-4ab4-aa4e-ee03172570dc,GP of St.Petersburg,3,2026,2026-02-27,2026-02-28,true,false,{},2026-02-06 16:34:37.871389+00,2026-02-06 16:34:37.871389+00
194b35c0-ce43-448b-bd96-08e249ebd261,d36e796d-42be-46c4-bd15-1beb5f08dde9,e42f1efe-5d42-4d19-9047-71bf3efe551a,Children's of Alabama Indy Grand Prix,4,2026,2026-03-27,2026-03-29,true,false,{},2026-02-08 19:52:59.984917+00,2026-02-08 19:59:20.041293+00
1a5f39a7-e21f-4822-93d5-10e169e780a4,e0d18f98-a49d-454f-80c5-3f191d394aec,caaa4347-9b66-4b53-8064-dd47d0a551c5,6 Hours of Fuji,7,2026,2026-09-25,2026-09-27,true,false,{},2025-12-26 18:44:13.420891+00,2025-12-26 18:44:13.420891+00
1cde920b-d316-4365-b175-3344c3ccb67a,0d273401-4838-43fc-a908-cd5087ec6430,d85241bd-a6e4-49a4-ba96-aee001e9afab,Catalan GP,7,2026,2026-05-15,2026-05-17,true,false,{},2025-12-26 18:47:29.176086+00,2025-12-26 18:47:29.176086+00
2069f762-2da9-4539-bc21-d351b32ab1f7,d36e796d-42be-46c4-bd15-1beb5f08dde9,33e8364a-de09-4735-af87-78fe11ceb6ab,Java House Grand Prix of Arlington,3,2026,2026-03-13,2026-03-15,true,false,{},2026-02-08 19:39:53.427561+00,2026-02-08 19:50:44.951006+00
21995847-3fed-4936-a694-31440fdb96bd,d36e796d-42be-46c4-bd15-1beb5f08dde9,354b5487-8d7a-4606-9552-dfc30559aeef,Chevrolet Detroit Grand Prix,8,2026,2026-05-29,2026-05-31,true,false,{},2026-02-08 20:10:40.566423+00,2026-02-08 20:10:40.566423+00
24a141ff-cb6f-43a0-85eb-9b14bee7a19e,d36e796d-42be-46c4-bd15-1beb5f08dde9,8f393b68-bf5a-45a4-abfa-09fd7203ebc5,Milwaukee Mile Race 2,17,2026,2026-08-28,2026-08-30,true,false,{},2026-02-08 20:59:00.372242+00,2026-02-08 20:59:00.372242+00
24d699c3-4ed6-4229-8250-300fab78122d,e21003ed-3d72-42af-b8b5-56e61e60ebd5,73840a8f-72aa-4b7e-a2ae-3ff303ec2bcd,Mobil 1 Twelve Hours of Sebring,2,2026,2026-03-18,2026-03-21,true,false,{},2026-01-05 09:43:47.291758+00,2026-01-05 09:56:54.427103+00
2567b10b-58aa-485c-8f51-1baf806ac780,59d39d6c-f8a5-4096-9044-54268ef8b1ea,a26585a6-ea36-43a8-9ea6-63a80fc3a681,Brands Hatch,2,2026,2026-05-02,2026-05-03,true,false,{},2026-01-05 09:43:47.291758+00,2026-01-05 09:56:54.427103+00
257e66a9-ee2b-4b27-b09b-d4d56114798b,e6b50f04-9ffe-479b-bf96-89560b99131b,d85241bd-a6e4-49a4-ba96-aee001e9afab,Spanish Grand Prix,9,2026,2026-06-12,2026-06-14,true,false,"{""has_sprint"":false}",2025-12-26 16:23:55.181103+00,2025-12-26 16:34:24.983573+00
268cd7a2-09c4-4c58-bafb-2710f48ef30a,e0d18f98-a49d-454f-80c5-3f191d394aec,161baa93-7ae8-41b7-b54f-35b3679c1e82,Lone Star Le Mans,6,2026,2026-09-04,2026-09-06,true,false,{},2025-12-26 18:44:13.158926+00,2025-12-26 18:44:13.158926+00
2c23de6e-a9c2-4b24-afcd-5914f28ae0c5,4510b607-ecca-4c02-875b-ae25ab2a9784,8ba47861-b6b9-4cc4-a066-cd946aaed252,Wurth 400 by LIQUI MOLY,12,2026,2026-05-01,2026-05-03,true,false,"{""is_non_points"":false}",2025-12-26 18:33:34.147066+00,2026-02-14 12:08:38.29887+00
2c39c99e-c654-4a0e-9094-9aedc1decaed,e6b50f04-9ffe-479b-bf96-89560b99131b,6fc9f794-4624-4549-a3e5-43e39c02b90f,Qatar Grand Prix,23,2026,2026-11-27,2026-11-29,true,false,"{""has_sprint"":false}",2025-12-26 16:23:59.809299+00,2025-12-26 16:34:30.148149+00
2c968c6c-221d-4517-abcd-1cc3544a32b0,d36e796d-42be-46c4-bd15-1beb5f08dde9,3068a4f5-763e-4381-acb1-7922364dbc75,Ontario Honda Dealers Indy at Markham,14,2026,2026-08-14,2026-08-16,true,false,{},2026-02-08 20:36:26.513746+00,2026-02-08 20:42:24.004497+00
2ca26f2f-6691-4407-bbf3-68803dfaeb99,e21003ed-3d72-42af-b8b5-56e61e60ebd5,e2931f9b-016c-4adb-af40-6db48378c5c1,Rolex 24 At Daytona,1,2026,2026-01-22,2026-01-25,true,false,{},2026-01-05 09:43:47.291758+00,2026-01-05 09:56:54.427103+00
2e62a918-56ab-4a67-aa1b-9f7a58c84815,e6b50f04-9ffe-479b-bf96-89560b99131b,ba0806dd-c994-4e83-a155-1656d2e3bb22,Canadian Grand Prix,7,2026,2026-05-22,2026-05-24,true,false,"{""has_sprint"":true}",2025-12-26 16:23:54.663304+00,2025-12-26 16:34:24.192369+00
32986060-c6a8-460b-833e-bf498a821e22,4510b607-ecca-4c02-875b-ae25ab2a9784,218a3ee4-a240-4e54-a965-6bd4aa65fcdf,Straight Talk Wireless 500,5,2026,2026-03-06,2026-03-08,true,false,"{""is_non_points"":false}",2025-12-26 18:33:31.976599+00,2026-02-14 11:41:47.895576+00
3312084c-8f25-4672-96c6-b0de6158640a,d36e796d-42be-46c4-bd15-1beb5f08dde9,9ec16b94-927e-4b00-8e6f-ecef15a4da1f,Acura Grand Prix of Long Beach,5,2026,2026-04-17,2026-04-19,true,false,{},2026-02-08 20:03:40.512014+00,2026-02-08 20:05:06.358445+00
3328f55c-2f9a-4668-bd0a-a6af301a6633,0d273401-4838-43fc-a908-cd5087ec6430,161baa93-7ae8-41b7-b54f-35b3679c1e82,Americas GP,3,2026,2026-03-27,2026-03-29,true,false,{},2025-12-26 18:47:28.040393+00,2025-12-26 18:47:28.040393+00
345cafb1-599e-4ef4-89a2-6d0df764ec36,4510b607-ecca-4c02-875b-ae25ab2a9784,6b899a08-61ec-4281-a6cd-8d73e5d4937b,NASCAR All-Star Race,14,2026,2026-05-15,2026-05-17,true,false,"{""is_non_points"":true}",2025-12-26 18:33:34.701541+00,2025-12-26 18:33:34.701541+00
349a097a-650c-4099-a21a-f003a0459766,0d273401-4838-43fc-a908-cd5087ec6430,6fc9f794-4624-4549-a3e5-43e39c02b90f,Qatar GP,4,2026,2026-04-10,2026-04-12,true,false,{},2025-12-26 18:47:28.304979+00,2025-12-26 18:47:28.304979+00
3bc19baf-6dd7-4b4e-9ba7-982b08087614,71b38069-2d64-4650-8457-fdcdff72ec85,cf556694-da73-49ac-928a-16e31d1d6c5e,4 Hours of Silverstone,5,2026,2026-09-11,2026-09-13,true,false,{},2025-12-26 18:44:15.952808+00,2025-12-26 18:44:15.952808+00
3c0de02b-bf6e-4acf-8122-e6ef3687a6a5,4510b607-ecca-4c02-875b-ae25ab2a9784,ff7233fa-bca4-4fba-a421-e2e1d828725e,Bass Pro Shops Night Race,31,2026,2026-09-17,2026-09-19,true,false,"{""is_non_points"":false}",2025-12-26 18:33:39.889792+00,2025-12-26 18:33:39.889792+00
3ef0dce2-40cc-4165-8cb7-dcc97006e17b,2d114ce9-fade-42d1-bc31-1da74faacf26,4959d37f-5e95-4fc2-9bb5-f8e34e806852,Motorsport Arena Oschersleben,5,2026,2026-07-24,2026-07-26,true,false,{},2026-02-08 18:07:54.623516+00,2026-02-08 18:07:54.623516+00
3efde245-961e-4add-b590-cebb5ed599e7,e0d18f98-a49d-454f-80c5-3f191d394aec,ab04ac3e-ede6-4a90-b8e9-4b7993dd40d0,8 Hours of Bahrain,8,2026,2026-11-05,2026-11-07,true,false,{},2025-12-26 18:44:13.684064+00,2025-12-26 18:44:13.684064+00
40dfa2df-8f58-4118-955d-3c7918b39b25,59d39d6c-f8a5-4096-9044-54268ef8b1ea,bb140525-015d-42f6-90b4-9e022b0c425e,Portimão,10,2026,2026-10-16,2026-10-18,true,false,{},2026-01-05 09:43:47.291758+00,2026-01-05 09:56:54.427103+00
41013faf-6ecd-4795-86b3-58a97182e72c,4510b607-ecca-4c02-875b-ae25ab2a9784,36c1ab80-d61d-49b0-8f74-ade21f5220a8,Autotrader 400,3,2026,2026-02-20,2026-02-22,true,false,"{""is_non_points"":false}",2025-12-26 18:33:31.469564+00,2026-02-13 21:19:04.369108+00
4328f7aa-3b22-4536-b1f8-681277ac10c4,0d273401-4838-43fc-a908-cd5087ec6430,b9062ce8-22b2-47f6-897a-0ce4aedbeb5b,Italian GP,8,2026,2026-05-29,2026-05-31,true,false,{},2025-12-26 18:47:29.445642+00,2025-12-26 18:47:29.445642+00
4500cca8-fd93-4b10-a616-a73f024bfb6f,2d114ce9-fade-42d1-bc31-1da74faacf26,2ca209e3-465c-405f-9a4d-8e9500ea46d8,Circuit Zandvoort,2,2026,2026-05-22,2026-05-24,true,false,{},2026-02-08 18:03:39.451467+00,2026-02-08 18:03:39.451467+00
45f28082-5ae0-4b67-8af6-938ec3f3292d,4510b607-ecca-4c02-875b-ae25ab2a9784,e2931f9b-016c-4adb-af40-6db48378c5c1,Coke Zero Sugar 400,28,2026,2026-08-28,2026-08-29,true,false,"{""is_non_points"":false}",2025-12-26 18:33:39.029122+00,2025-12-26 18:33:39.029122+00
48c83fce-48c6-4424-a7cc-3e4d4a6ba10f,4510b607-ecca-4c02-875b-ae25ab2a9784,fad2d8e2-37b9-4c7c-8fc3-89c8a9c4ece6,NASCAR Cup Series Race at New Hampshire,27,2026,2026-08-21,2026-08-23,true,false,"{""is_non_points"":false}",2025-12-26 18:33:38.760722+00,2026-02-14 12:13:37.220363+00
49812b30-74a5-4a76-a1ef-a333860da6a8,4510b607-ecca-4c02-875b-ae25ab2a9784,729c3a85-8d01-438d-b9d9-916e31f5b1b8,Quaker State 400 Available at Walmart,22,2026,2026-07-10,2026-07-12,true,false,"{""is_non_points"":false}",2025-12-26 18:33:37.143287+00,2026-02-14 12:12:36.333055+00
4b963d5a-900f-4e0f-8023-678444204e9a,50c0f5ce-fd98-480e-bef6-4f98b8af9846,f2a88b74-f9e5-43a6-9426-3edc0c501111,Berlin E-Prix,7,2026,2026-05-02,2026-05-03,true,false,{},2025-12-26 18:47:23.185682+00,2026-01-05 10:02:24.373848+00
4c1c2648-63d0-4077-8780-90facbfd5ea5,50c0f5ce-fd98-480e-bef6-4f98b8af9846,3d5e8c23-190f-46b4-a31c-482702eba6dd,Monaco E-Prix,9,2026,2026-05-16,2026-05-17,true,false,{},2025-12-26 18:47:23.708865+00,2026-01-05 10:02:24.373848+00
4deef487-96cf-45ba-936b-a33781f45fdb,59d39d6c-f8a5-4096-9044-54268ef8b1ea,2ca209e3-465c-405f-9a4d-8e9500ea46d8,Zandvoort,8,2026,2026-09-18,2026-09-20,true,false,{},2026-01-05 09:43:47.291758+00,2026-01-05 09:56:54.427103+00
50c3195d-0881-4219-8f3d-b6e1bc18eb7c,4510b607-ecca-4c02-875b-ae25ab2a9784,8f5d5a91-b270-46f2-9702-0d45076f84df,NASCAR Cup Series Championship,38,2026,2026-11-06,2026-11-08,true,false,"{""is_non_points"":false}",2025-12-26 18:33:42.250678+00,2025-12-26 18:33:42.250678+00
51c5ea70-be73-4de0-a880-88d2c21d644e,4510b607-ecca-4c02-875b-ae25ab2a9784,ef6663ac-5984-4235-b0d9-35019c40777c,Anduril 250,19,2026,2026-06-19,2026-06-21,true,false,"{""is_non_points"":false}",2025-12-26 18:33:36.245963+00,2026-02-14 12:11:21.952437+00
53558e93-a2eb-4fad-a854-248dbd736f18,e6b50f04-9ffe-479b-bf96-89560b99131b,a1438f5b-9dad-4797-949e-36609c947a81,Hungarian Grand Prix,13,2026,2026-07-24,2026-07-26,true,false,"{""has_sprint"":false}",2025-12-26 16:23:56.680823+00,2025-12-26 16:34:26.473244+00
53b7f878-89df-4e31-a665-505fc4fec075,e21003ed-3d72-42af-b8b5-56e61e60ebd5,e2931f9b-016c-4adb-af40-6db48378c5c1,Roar Before The 24,0,2026,2026-01-16,2026-01-18,true,false,{},2026-01-05 09:43:47.291758+00,2026-01-05 09:56:54.427103+00
53f160c4-ad38-43dd-bc6a-76363b4f53ed,4510b607-ecca-4c02-875b-ae25ab2a9784,683202be-a77f-4147-8799-3a6387025f65,Bank of America 400,34,2026,2026-10-09,2026-10-11,true,false,"{""is_non_points"":false}",2025-12-26 18:33:40.979013+00,2026-02-14 12:19:15.451359+00
55d697d4-e643-44d3-9b36-18dfd4a22d1f,2d114ce9-fade-42d1-bc31-1da74faacf26,faf9849d-35ee-4681-8975-97747fab17c1,Dekra Lausitzring,3,2026,2026-06-19,2026-06-21,true,false,{},2026-02-08 18:05:02.612779+00,2026-02-08 18:05:02.612779+00
56d7a414-c794-47b6-9bfc-03ad3e41f397,50c0f5ce-fd98-480e-bef6-4f98b8af9846,fb887c08-5f29-4dc3-975c-d89b82990513,London E-Prix,16,2026,2026-08-15,2026-08-16,true,false,{},2025-12-26 18:47:25.738779+00,2026-01-05 10:02:24.373848+00
5a035274-7d5f-443a-9b2a-f539131fef76,e6b50f04-9ffe-479b-bf96-89560b99131b,161baa93-7ae8-41b7-b54f-35b3679c1e82,United States Grand Prix,19,2026,2026-10-23,2026-10-25,true,false,"{""has_sprint"":false}",2025-12-26 16:23:58.355743+00,2025-12-26 16:34:28.732124+00
5b2355be-644a-472f-a518-6aa2a209fd52,e6b50f04-9ffe-479b-bf96-89560b99131b,f3f51b64-d2ca-4073-93bd-99081b4bdd11,Mexico City Grand Prix,20,2026,2026-10-30,2026-11-01,true,false,"{""has_sprint"":false}",2025-12-26 16:23:58.72682+00,2025-12-26 16:34:29.105342+00
5c037f83-2f4a-4894-ab3b-fafd9e628ef6,0d273401-4838-43fc-a908-cd5087ec6430,805e2a42-3528-4433-a398-a3127b5456a6,Brazilian GP,2,2026,2026-03-20,2026-03-22,true,false,{},2025-12-26 18:47:27.746412+00,2025-12-26 18:47:27.746412+00
5d25098e-07ef-48f1-bed5-7f236723edce,e21003ed-3d72-42af-b8b5-56e61e60ebd5,354b5487-8d7a-4606-9552-dfc30559aeef,Chevrolet Detroit Grand Prix,5,2026,2026-05-29,2026-05-31,true,false,{},2026-01-05 09:43:47.291758+00,2026-01-05 09:56:54.427103+00
6013e0ea-ccdc-46e4-88b4-64591fbb1838,0d273401-4838-43fc-a908-cd5087ec6430,e11d6491-2523-418c-a276-ef527e1e3cff,Thai GP,1,2026,2026-02-27,2026-03-01,true,false,{},2025-12-26 18:47:27.408513+00,2026-02-07 06:09:20.5333+00
607d50c2-0bc7-4796-8533-2ca83cfded27,0d273401-4838-43fc-a908-cd5087ec6430,2f7fb3be-7081-457a-ad82-e96b1e3d6a0e,Japanese GP,17,2026,2026-10-02,2026-10-04,true,false,{},2025-12-26 18:47:32.017998+00,2025-12-26 18:47:32.017998+00
6439666d-101b-4f5d-88b3-4faa8ac683b0,59d39d6c-f8a5-4096-9044-54268ef8b1ea,c3ef2f0f-cf14-4d17-93e3-80177335a0d9,Magny-Cours,6,2026,2026-07-31,2026-08-02,true,false,{},2026-01-05 09:43:47.291758+00,2026-01-05 09:56:54.427103+00
64b75413-4daa-4b46-a4c3-85c0c174eb24,e6b50f04-9ffe-479b-bf96-89560b99131b,3ab86f39-7314-43ad-b6e3-7e81ca46e56d,Austrian Grand Prix,10,2026,2026-06-26,2026-06-28,true,false,"{""has_sprint"":false}",2025-12-26 16:23:55.54041+00,2025-12-26 16:34:25.329228+00
65e0f6d6-787e-4fbe-8ee2-64b2175b4717,4510b607-ecca-4c02-875b-ae25ab2a9784,3b48fd7a-2c58-46a9-b092-e97d6e88159e,Hollywood Casino 400,32,2026,2026-09-25,2026-09-27,true,false,"{""is_non_points"":false}",2025-12-26 18:33:40.216692+00,2025-12-26 18:33:40.216692+00
65f28f44-6436-4f49-b07a-b1d0bb62e6e6,0d273401-4838-43fc-a908-cd5087ec6430,3ab86f39-7314-43ad-b6e3-7e81ca46e56d,Austrian GP,16,2026,2026-09-18,2026-09-20,true,false,{},2025-12-26 18:47:31.752422+00,2025-12-26 18:47:31.752422+00
680c7634-7416-477d-9bad-49899b24ac6e,0d273401-4838-43fc-a908-cd5087ec6430,07c56b04-5a95-48b9-ae08-4da9562a757b,Aragon GP,14,2026,2026-08-28,2026-08-30,true,false,{},2025-12-26 18:47:31.210669+00,2025-12-26 18:47:31.210669+00
69abc5d6-4ab9-4261-9904-9e365661d09f,e6b50f04-9ffe-479b-bf96-89560b99131b,9b04606c-85ce-4182-a004-a7d041b29298,São Paulo Grand Prix,21,2026,2026-11-06,2026-11-08,true,false,"{""has_sprint"":false}",2025-12-26 16:23:59.10648+00,2025-12-26 16:34:29.4597+00
6a20045c-af09-4b75-9ff7-48bc9c1ded82,4510b607-ecca-4c02-875b-ae25ab2a9784,aacb0f77-9062-423e-b400-04982fd9a8fd,Cracker Barrel 400,16,2026,2026-05-29,2026-05-31,true,false,"{""is_non_points"":false}",2025-12-26 18:33:35.32652+00,2026-02-14 12:10:15.806584+00
6a61179c-baab-4f84-b6bd-266fc216cdbf,0d273401-4838-43fc-a908-cd5087ec6430,50f296e1-676a-482a-8db1-4239fc1bd826,Australian GP,19,2026,2026-10-23,2026-10-25,true,false,{},2025-12-26 18:47:32.525653+00,2025-12-26 18:47:32.525653+00
6b5e99c9-ebe9-4009-8b68-5422153735b3,50c0f5ce-fd98-480e-bef6-4f98b8af9846,019a4db2-2f32-41da-9c4e-444a3e400c6f,Shanghai E-Prix,12,2026,2026-07-04,2026-07-05,true,false,{},2025-12-26 18:47:24.565763+00,2026-01-05 10:02:24.373848+00
6ca3d81d-b6cc-4c75-9ab2-958fc47c8807,50c0f5ce-fd98-480e-bef6-4f98b8af9846,bb286083-ccbb-4a21-a15b-6bc5227821b6,Sanya E-Prix,11,2026,2026-06-20,2026-06-20,true,false,{},2025-12-26 18:47:24.295191+00,2025-12-26 18:47:24.295191+00
6dc7ddff-6cfa-41ae-bc9c-ade883adce5f,2d114ce9-fade-42d1-bc31-1da74faacf26,817d5eb6-2a81-46fe-ae39-ab4e2736c24f,Hockenheimring,8,2026,2026-10-09,2026-10-11,true,false,{},2026-02-08 18:10:43.240733+00,2026-02-08 18:10:43.240733+00
6ef2a0b3-13b0-4305-8d69-43008630c8a7,59d39d6c-f8a5-4096-9044-54268ef8b1ea,0a087e29-7c82-42cf-80e2-05fac82a62eb,Monza,3,2026,2026-05-29,2026-05-31,true,false,{},2026-01-05 09:43:47.291758+00,2026-01-05 09:56:54.427103+00
7016cedf-8ee2-49b8-a92b-c9585f1bfe2d,d36e796d-42be-46c4-bd15-1beb5f08dde9,8f393b68-bf5a-45a4-abfa-09fd7203ebc5,Milwaukee Mile Race 1,16,2026,2026-08-28,2026-08-29,true,false,{},2026-02-08 20:51:46.546186+00,2026-02-08 20:57:53.07296+00
70ea23bf-2d7d-4181-b68a-ea44e648cc28,e6b50f04-9ffe-479b-bf96-89560b99131b,ca570fe1-9d75-449f-b0ac-8580fdbd8ef4,Singapore Grand Prix,18,2026,2026-10-09,2026-10-11,true,false,"{""has_sprint"":true}",2025-12-26 16:23:58.215278+00,2025-12-26 16:34:28.329778+00
7166deef-0000-4e0c-a6e7-e173617cbe18,4510b607-ecca-4c02-875b-ae25ab2a9784,218a3ee4-a240-4e54-a965-6bd4aa65fcdf,Freeway Insurance 500,35,2026,2026-10-16,2026-10-18,true,false,"{""is_non_points"":false}",2025-12-26 18:33:41.686396+00,2026-02-14 12:29:00.611766+00
71d9a6c2-dffb-4e7e-9775-8ca9c924a99b,4510b607-ecca-4c02-875b-ae25ab2a9784,acee0d6e-0eb5-42c9-8aec-f2924786a539,South Point 400,33,2026,2026-10-02,2026-10-04,true,false,"{""is_non_points"":false}",2025-12-26 18:33:40.573498+00,2025-12-26 18:33:40.573498+00
742020d1-92d5-4f7d-ab20-07f7d9b4f8d6,4510b607-ecca-4c02-875b-ae25ab2a9784,e2931f9b-016c-4adb-af40-6db48378c5c1,Daytona 500,2,2026,2026-02-12,2026-02-15,true,false,"{""is_non_points"":false}",2025-12-26 18:33:31.132453+00,2025-12-26 18:33:31.132453+00
745e9d87-6741-4f9f-9619-67d6403e5044,4510b607-ecca-4c02-875b-ae25ab2a9784,13c3269c-f6e2-44fa-b098-a502c7064920,Brickyard 400,24,2026,2026-07-24,2026-07-26,true,false,"{""is_non_points"":false}",2025-12-26 18:33:37.794683+00,2025-12-26 18:33:37.794683+00
74c92224-bece-4616-8673-c5e58ae232c8,50c0f5ce-fd98-480e-bef6-4f98b8af9846,f483bedc-601c-4160-80a8-0a716eae861c,Tokyo E-Prix,14,2026,2026-07-25,2026-07-26,true,false,{},2025-12-26 18:47:25.152356+00,2026-01-05 10:02:24.373848+00
75e4b369-7f46-4eb3-8d88-765c1dac8954,d36e796d-42be-46c4-bd15-1beb5f08dde9,cfe2a2ac-1471-4885-bb73-3a071fea155f,Honda Indy 200 at Mid-Ohio,11,2026,2026-07-03,2026-07-05,true,false,{},2026-02-08 20:16:36.186612+00,2026-02-08 20:19:49.603803+00
77bbaabf-ff11-4ab4-b92d-f616d0c98684,e21003ed-3d72-42af-b8b5-56e61e60ebd5,13c3269c-f6e2-44fa-b098-a502c7064920,Battle on the Bricks,10,2026,2026-09-18,2026-09-20,true,false,{},2026-01-05 09:43:47.291758+00,2026-01-05 09:56:54.427103+00
78db63c6-dcef-46a7-abf0-a372864baeac,4510b607-ecca-4c02-875b-ae25ab2a9784,f2144922-303d-4080-849c-b3c3a710784f,Enjoy Illinois 300,30,2026,2026-09-11,2026-09-13,true,false,"{""is_non_points"":false}",2025-12-26 18:33:39.624277+00,2026-02-14 12:14:25.23639+00
7ba141b7-2013-4d1a-bbbd-3cb542e49e2a,e6b50f04-9ffe-479b-bf96-89560b99131b,8d027496-ccd4-47cf-a55e-754c98359e66,Saudi Arabian Grand Prix,5,2026,2026-04-17,2026-04-19,true,false,"{""has_sprint"":false}",2025-12-26 16:23:53.885096+00,2025-12-26 16:34:23.279806+00
7dc0f2d5-0312-4eeb-9476-d5dc0da4d9bf,e6b50f04-9ffe-479b-bf96-89560b99131b,41fa43ab-73b5-4537-9abb-bf9351008445,Madrid Grand Prix,16,2026,2026-09-11,2026-09-13,true,false,"{""has_sprint"":false}",2025-12-26 16:23:57.809485+00,2025-12-26 16:34:27.631273+00
82c1b3f6-0ee7-4bf3-9b7e-612ad09a36bb,71b38069-2d64-4650-8457-fdcdff72ec85,61e36826-91e7-46ca-9579-4169d1539621,4 Hours of Le Castellet,2,2026,2026-05-01,2026-05-03,true,false,{},2025-12-26 18:44:15.182684+00,2025-12-26 18:44:15.182684+00
83a46e1a-ae05-4b12-8011-fdafe27b2721,4510b607-ecca-4c02-875b-ae25ab2a9784,9a91c483-6b4d-4b77-a024-4b34cfe6de44,Cook Out 400,26,2026,2026-08-14,2026-08-15,true,false,"{""is_non_points"":false}",2025-12-26 18:33:38.463086+00,2026-02-14 12:13:26.741448+00
83bfd70f-ab1f-4b25-97c1-ba632b67d0ff,e6b50f04-9ffe-479b-bf96-89560b99131b,ab04ac3e-ede6-4a90-b8e9-4b7993dd40d0,Bahrain Grand Prix,4,2026,2026-04-10,2026-04-12,true,false,"{""has_sprint"":false}",2025-12-26 16:23:53.506503+00,2025-12-26 16:34:22.917116+00
83cc5488-d319-4866-859a-900db2819832,2d114ce9-fade-42d1-bc31-1da74faacf26,3ab86f39-7314-43ad-b6e3-7e81ca46e56d,Red Bull Ring By VKB-Bank,1,2026,2026-04-24,2026-04-26,true,false,{},2026-02-08 17:58:14.995003+00,2026-02-08 18:01:05.370721+00
86b2de7d-af84-415a-ac72-581cb034fb5a,a15b518f-c571-42cf-ab74-a5d5cde65c5b,db8ccf84-f36b-44bd-a61b-ba12a9337ca0,4 Hours of Dubai,2,2026,2026-01-31,2026-02-01,true,false,{},2026-01-26 12:58:52.492867+00,2026-01-26 12:58:52.492867+00
8876f04f-8a03-4421-b385-8f56c8bd3485,e6b50f04-9ffe-479b-bf96-89560b99131b,019a4db2-2f32-41da-9c4e-444a3e400c6f,Chinese Grand Prix,2,2026,2026-03-13,2026-03-15,true,false,"{""has_sprint"":true}",2025-12-26 16:23:52.741532+00,2025-12-26 16:34:22.111904+00
88ece84b-4c34-4e65-a448-3935b307f4d0,59d39d6c-f8a5-4096-9044-54268ef8b1ea,c70fd478-cc73-479b-b76a-59532f1c38f4,CrowdStrike 24 Hours of Spa,4,2026,2026-06-24,2026-06-28,true,false,{},2026-01-05 09:43:47.291758+00,2026-01-05 09:56:54.427103+00
89fdda92-9c22-4039-b54d-9513efd0141d,a15b518f-c571-42cf-ab74-a5d5cde65c5b,6c9858e4-1ba8-4e35-a2fc-2cd0e6e5a6ae,4 Hours of Abu Dhabi,3,2026,2026-02-07,2026-02-08,true,false,{},2026-01-26 12:58:52.492867+00,2026-01-26 12:58:52.492867+00
8d122da9-2312-43b8-aedd-d7a4ce714c3f,4510b607-ecca-4c02-875b-ae25ab2a9784,acee0d6e-0eb5-42c9-8aec-f2924786a539,Pennzoil 400 by Jiffy Lube,6,2026,2026-03-13,2026-03-15,true,false,"{""is_non_points"":false}",2025-12-26 18:33:32.229179+00,2026-02-14 12:09:18.256784+00
8fff3e1b-1987-4a22-9b7d-11dc238e21be,2d114ce9-fade-42d1-bc31-1da74faacf26,e53b5dbf-97f3-463c-9863-ad532ffd7ee1,Nürburgring,6,2026,2026-08-14,2026-08-16,true,false,{},2026-02-08 18:09:11.152457+00,2026-02-08 18:09:11.152457+00
9168ab94-182d-472a-b637-8769c5156116,e6b50f04-9ffe-479b-bf96-89560b99131b,2ca209e3-465c-405f-9a4d-8e9500ea46d8,Dutch Grand Prix,14,2026,2026-08-21,2026-08-23,true,false,"{""has_sprint"":true}",2025-12-26 16:23:57.018768+00,2025-12-26 16:34:26.824285+00
91894bab-1c49-46a5-9b82-501dab8ded33,71b38069-2d64-4650-8457-fdcdff72ec85,d85241bd-a6e4-49a4-ba96-aee001e9afab,4 Hours of Barcelona,1,2026,2026-04-10,2026-04-12,true,false,{},2025-12-26 18:44:14.901935+00,2025-12-26 18:44:14.901935+00
93b8e365-0812-4194-9862-c092376a0940,0d273401-4838-43fc-a908-cd5087ec6430,97ebf05f-7d43-40b3-a78c-29fb1ab11b53,Indonesian GP,18,2026,2026-10-09,2026-10-11,true,false,{},2025-12-26 18:47:32.271826+00,2025-12-26 18:47:32.271826+00
946372f1-57e9-4fa2-bc56-2a01b001b25a,d36e796d-42be-46c4-bd15-1beb5f08dde9,cf6022b8-8931-4a00-a160-3cb22cdccf03,Bitnile.com Grand Prix of Portland,13,2026,2026-08-07,2026-08-09,true,false,{},2026-02-08 20:22:48.390005+00,2026-02-08 20:34:30.292334+00
96420b6e-5cd6-4c11-a61b-07e4331c8954,d36e796d-42be-46c4-bd15-1beb5f08dde9,437e9fe7-97fc-4999-a67e-38c3451c7f3d,"Freedom 250 Grand Prix of Washington, D.C.",15,2026,2026-08-21,2026-08-23,true,false,{},2026-02-08 20:44:40.601798+00,2026-02-08 20:50:38.03345+00
9767494a-e8c5-49d4-9896-616b6a6a3b78,0d273401-4838-43fc-a908-cd5087ec6430,5bea307d-83a7-4ff2-90e1-cb116cc3e9e8,Hungarian GP,9,2026,2026-06-05,2026-06-07,true,false,{},2025-12-26 18:47:29.689677+00,2025-12-26 18:47:29.689677+00
97ba3296-3732-4ceb-b602-b333e0fcd3dd,59d39d6c-f8a5-4096-9044-54268ef8b1ea,e53b5dbf-97f3-463c-9863-ad532ffd7ee1,Nürburgring,7,2026,2026-08-28,2026-08-30,true,false,{},2026-01-05 09:43:47.291758+00,2026-01-05 09:56:54.427103+00
98fadc65-7be2-40b1-b524-6a4138f03a77,d36e796d-42be-46c4-bd15-1beb5f08dde9,4ef9d184-ed79-461f-abf8-328438f7777e,Xpel Grand Prix at Road America,10,2026,2026-06-19,2026-06-21,true,false,{},2026-02-08 20:13:10.802899+00,2026-02-08 20:14:51.726707+00
9a17d87a-af3a-49a0-84c0-8ac65fc216cb,4510b607-ecca-4c02-875b-ae25ab2a9784,c87325d6-c350-4bcc-bf2e-32d14a4e3fd3,Cook Out 400,8,2026,2026-03-27,2026-03-29,true,false,"{""is_non_points"":false}",2025-12-26 18:33:32.916662+00,2026-02-14 12:06:13.166335+00
9d67bbca-1743-4ef5-9f43-c77f4d3a4752,0d273401-4838-43fc-a908-cd5087ec6430,48bc6351-b3fb-4fd9-8a13-4db61d1e71fe,Spanish GP,5,2026,2026-04-24,2026-04-26,true,false,{},2025-12-26 18:47:28.661185+00,2025-12-26 18:47:28.661185+00
9dc8355d-c7b9-495b-a615-7c94899cdf01,0d273401-4838-43fc-a908-cd5087ec6430,bb140525-015d-42f6-90b4-9e022b0c425e,Portuguese GP,21,2026,2026-11-13,2026-11-15,true,false,{},2025-12-26 18:47:33.049146+00,2025-12-26 18:47:33.049146+00
9e09b341-407d-4251-a0cb-e9bace5175ba,4510b607-ecca-4c02-875b-ae25ab2a9784,03d19ac4-82b6-486c-89e7-2ebf7911dc0f,Goodyear 400,7,2026,2026-03-20,2026-03-22,true,false,"{""is_non_points"":false}",2025-12-26 18:33:32.660577+00,2026-02-14 11:59:35.571234+00
9f9dc1b3-e178-4700-aeaa-fbf434f2fbf4,2d114ce9-fade-42d1-bc31-1da74faacf26,36c66043-ddde-4f73-adb2-fbe30f4cd7e8,Sachsenring,7,2026,2026-09-11,2026-09-13,true,false,{},2026-02-08 18:09:58.878254+00,2026-02-08 18:09:58.878254+00
a019f727-8dcb-47fe-b7d5-110b77f177a2,e6b50f04-9ffe-479b-bf96-89560b99131b,caaa4347-9b66-4b53-8064-dd47d0a551c5,Japanese Grand Prix,3,2026,2026-03-27,2026-03-29,true,false,"{""has_sprint"":false}",2025-12-26 16:23:53.150802+00,2025-12-26 16:34:22.557204+00
a120d402-ac6b-4f0a-aab5-dcde8cd54a57,0d273401-4838-43fc-a908-cd5087ec6430,cf556694-da73-49ac-928a-16e31d1d6c5e,British GP,13,2026,2026-08-07,2026-08-09,true,false,{},2025-12-26 18:47:30.89827+00,2025-12-26 18:47:30.89827+00
a1e1b473-ff83-4dc5-9d69-182e6fbd873b,e6b50f04-9ffe-479b-bf96-89560b99131b,1aca45b2-313c-4dda-aec9-d0cf190f13dc,Australian Grand Prix,1,2026,2026-03-06,2026-03-08,true,false,"{""has_sprint"":false}",2025-12-26 16:23:52.298374+00,2025-12-26 16:34:21.715297+00
a2b5d194-1c3d-4cca-b0a1-09fbd0384e38,0d273401-4838-43fc-a908-cd5087ec6430,f5cd1277-473b-471c-ac0c-d88540d10868,Malaysian GP,20,2026,2026-10-30,2026-11-01,true,false,{},2025-12-26 18:47:32.797414+00,2025-12-26 18:47:32.797414+00
a3a4a071-0408-4425-af98-c4d06d21838d,4510b607-ecca-4c02-875b-ae25ab2a9784,ff7233fa-bca4-4fba-a421-e2e1d828725e,Food City 500,9,2026,2026-04-10,2026-04-12,true,false,"{""is_non_points"":false}",2025-12-26 18:33:33.230867+00,2026-02-14 12:06:28.826976+00
a3ee0596-99d4-4a42-ae25-f817620acd52,e21003ed-3d72-42af-b8b5-56e61e60ebd5,3292f9d9-3009-4b8b-a303-9558cc99b4a0,Sahlen's Six Hours at the Glen,6,2026,2026-06-25,2026-06-28,true,false,{},2026-01-05 09:43:47.291758+00,2026-01-05 09:56:54.427103+00
a4a557f9-0d3d-4f9f-8d52-a15d9abf7dcd,0d273401-4838-43fc-a908-cd5087ec6430,c9560da4-698b-4497-a48f-ff75a123b929,French GP,6,2026,2026-05-08,2026-05-10,true,false,{},2025-12-26 18:47:28.928601+00,2025-12-26 18:47:28.928601+00
a537c65d-017f-4efe-a8eb-c4b351459e4c,e21003ed-3d72-42af-b8b5-56e61e60ebd5,8798cb34-aa75-43a6-b81c-aa462af6997c,Chevrolet Grand Prix,7,2026,2026-07-10,2026-07-12,true,false,{},2026-01-05 09:43:47.291758+00,2026-01-05 09:56:54.427103+00
a9a17216-95c0-446c-aaef-26541c9ad88d,71b38069-2d64-4650-8457-fdcdff72ec85,bb140525-015d-42f6-90b4-9e022b0c425e,4 Hours of Portimao,6,2026,2026-10-08,2026-10-10,true,false,{},2025-12-26 18:44:16.266976+00,2025-12-26 18:44:16.266976+00
aad9143d-ba35-46a9-b1f7-7a4b712274bc,e0d18f98-a49d-454f-80c5-3f191d394aec,c70fd478-cc73-479b-b76a-59532f1c38f4,TotalEnergies 6 Hours of Spa-Francorchamps,3,2026,2026-05-07,2026-05-09,true,false,{},2025-12-26 18:44:12.335593+00,2025-12-26 18:44:12.335593+00
ae6920c9-1e39-44e7-a3f7-75b4fdfb3d97,e21003ed-3d72-42af-b8b5-56e61e60ebd5,993da72f-7a00-4860-a547-16a5ba1a0596,Monterey Sportscar Championship,4,2026,2026-05-01,2026-05-03,true,false,{},2026-01-05 09:43:47.291758+00,2026-01-05 09:56:54.427103+00
afdd3b5b-f30b-447d-88ff-bb22fb357bed,59d39d6c-f8a5-4096-9044-54268ef8b1ea,b1090e66-ab43-42a5-89f3-8882ef18bea1,Misano,5,2026,2026-07-17,2026-07-19,true,false,{},2026-01-05 09:43:47.291758+00,2026-01-05 09:56:54.427103+00
b14f4ccc-5f7d-4b3d-93b3-d504e0a12040,50c0f5ce-fd98-480e-bef6-4f98b8af9846,1cac740f-ca2a-4594-b84c-c971c8c1821f,Diriyah E-Prix,4,2026,2026-02-13,2026-02-14,true,false,{},2025-12-26 18:47:22.115931+00,2026-01-05 10:02:24.373848+00
b32b30e2-ee4f-4cde-af6e-8b0e073bf9fd,4510b607-ecca-4c02-875b-ae25ab2a9784,7e40306b-9332-44d1-ad1c-0f7304fff9e8,NASCAR Cup Series Race at Chicagoland,21,2026,2026-07-03,2026-07-05,true,false,"{""is_non_points"":false}",2025-12-26 18:33:36.861022+00,2026-02-14 12:12:10.59695+00
b32b4832-fde0-46a4-9e17-86ce09e6b9a6,e6b50f04-9ffe-479b-bf96-89560b99131b,0a087e29-7c82-42cf-80e2-05fac82a62eb,Italian Grand Prix,15,2026,2026-09-04,2026-09-06,true,false,"{""has_sprint"":false}",2025-12-26 16:23:57.412871+00,2025-12-26 16:34:27.271659+00
b3b4a273-814e-4ae6-b1ff-e99ff34546ce,4510b607-ecca-4c02-875b-ae25ab2a9784,ed88a54f-d564-4c8f-bf04-02e8bc0f14fd,Toyota / Save Mart 350,20,2026,2026-06-26,2026-06-28,true,false,"{""is_non_points"":false}",2025-12-26 18:33:36.556864+00,2026-02-14 12:11:53.46695+00
b41c504d-c62e-47ab-89a0-569f8c9c2c20,71b38069-2d64-4650-8457-fdcdff72ec85,a6410a55-a4fd-401f-8d9e-e80d3b974ec3,4 Hours of Imola,3,2026,2026-07-03,2026-07-05,true,false,{},2025-12-26 18:44:15.442947+00,2025-12-26 18:44:15.442947+00
b859578c-c59e-4679-ba3a-87a76c163b82,4510b607-ecca-4c02-875b-ae25ab2a9784,161baa93-7ae8-41b7-b54f-35b3679c1e82,DuraMAX Texas Grand Prix,4,2026,2026-02-27,2026-03-01,true,false,"{""is_non_points"":false}",2025-12-26 18:33:31.716361+00,2026-02-14 11:37:13.06871+00
bc749ddc-cdbc-4eab-83bd-517de42d8ccf,e0d18f98-a49d-454f-80c5-3f191d394aec,6fc9f794-4624-4549-a3e5-43e39c02b90f,Qatar 1812km,1,2026,2026-03-26,2026-03-28,true,false,{},2025-12-26 18:44:11.784887+00,2025-12-26 18:44:11.784887+00
bc79f955-7219-4dbc-920b-5e511718b6b6,50c0f5ce-fd98-480e-bef6-4f98b8af9846,9100c872-50be-4016-9c99-8d89c33ec886,Sao Paulo E-Prix,1,2026,2025-12-06,2025-12-06,true,false,{},2025-12-26 18:47:21.083991+00,2025-12-26 18:47:21.083991+00
bf54e8d0-31ca-49ff-ac17-bbd841dd278a,59d39d6c-f8a5-4096-9044-54268ef8b1ea,d85241bd-a6e4-49a4-ba96-aee001e9afab,Barcelona,9,2026,2026-10-02,2026-10-04,true,false,{},2026-01-05 09:43:47.291758+00,2026-01-05 09:56:54.427103+00
bfa31c72-7bf1-47bb-95aa-17fe9c9a4792,4510b607-ecca-4c02-875b-ae25ab2a9784,03d19ac4-82b6-486c-89e7-2ebf7911dc0f,Cook Out Southern 500,29,2026,2026-09-04,2026-09-06,true,false,"{""is_non_points"":false}",2025-12-26 18:33:39.304746+00,2025-12-26 18:33:39.304746+00
c1a01483-8711-4b90-ac5a-24d089d52e39,4510b607-ecca-4c02-875b-ae25ab2a9784,3b48fd7a-2c58-46a9-b092-e97d6e88159e,AdventHealth 400,10,2026,2026-04-17,2026-04-19,true,false,"{""is_non_points"":false}",2025-12-26 18:33:33.563182+00,2026-02-14 12:06:44.117639+00
c26f2acc-40c2-4142-84ee-fde00607d8e8,0d273401-4838-43fc-a908-cd5087ec6430,36c66043-ddde-4f73-adb2-fbe30f4cd7e8,German GP,12,2026,2026-07-10,2026-07-12,true,false,{},2025-12-26 18:47:30.614552+00,2025-12-26 18:47:30.614552+00
c45765dc-d369-4fac-9599-ba0241259bea,4510b607-ecca-4c02-875b-ae25ab2a9784,67d57ffe-e57a-43d2-8219-376584ef19e2,Coca-Cola 600,15,2026,2026-05-21,2026-05-24,true,false,"{""is_non_points"":false}",2025-12-26 18:33:35.012313+00,2025-12-26 18:33:35.012313+00
c517a758-bc52-43c3-a9da-89c77551628c,d36e796d-42be-46c4-bd15-1beb5f08dde9,993da72f-7a00-4860-a547-16a5ba1a0596,Weathertech Raceway Laguna Seca,18,2026,2026-10-04,2026-10-06,true,false,{},2026-02-08 21:01:35.011995+00,2026-02-08 21:01:35.011995+00
c9c64a12-5c19-45ad-a502-cddac27f3cda,e21003ed-3d72-42af-b8b5-56e61e60ebd5,a0bc3a25-cdc9-4c80-befc-aca3d724e28e,VIR GT Challenge,9,2026,2026-08-21,2026-08-23,true,false,{},2026-01-05 09:43:47.291758+00,2026-01-05 09:56:54.427103+00
ccae4e9f-b1db-41ab-adfb-1ed06c61b51f,d36e796d-42be-46c4-bd15-1beb5f08dde9,218a3ee4-a240-4e54-a965-6bd4aa65fcdf,Good Ranches 250,2,2026,2026-03-06,2026-03-07,true,false,{},2026-02-08 19:37:46.540287+00,2026-02-08 19:37:46.540287+00
ccb4ed80-7e7b-4b0c-9654-61fef93524c9,d36e796d-42be-46c4-bd15-1beb5f08dde9,8d064e62-32e9-4a81-a8d8-6cebc6b655c4,Bommarito Automotive Group 500,9,2026,2026-06-06,2026-06-07,true,false,{},2026-02-08 20:11:56.454654+00,2026-02-08 20:11:56.454654+00
d0274627-e3d9-4659-8237-21245ab763bb,4510b607-ecca-4c02-875b-ae25ab2a9784,907bd876-fecd-4ab9-be01-13e659a0d840,Window World 450,23,2026,2026-07-17,2026-07-19,true,false,"{""is_non_points"":false}",2025-12-26 18:33:37.477337+00,2026-02-14 12:12:52.773025+00
d26a5482-d33e-483e-bd53-bf69fe44f295,4510b607-ecca-4c02-875b-ae25ab2a9784,64185bda-6483-4428-9c52-ca262c587d68,Jack Link's 500,11,2026,2026-04-24,2026-04-26,true,false,"{""is_non_points"":false}",2025-12-26 18:33:33.819724+00,2026-02-14 12:07:07.514321+00
d606dd07-11d1-40b5-b667-50764b619a4d,e6b50f04-9ffe-479b-bf96-89560b99131b,dfb9d84e-a03e-4a36-860c-c9ca0dfdaf67,Miami Grand Prix,6,2026,2026-05-01,2026-05-03,true,false,"{""has_sprint"":true}",2025-12-26 16:23:54.244409+00,2025-12-26 16:34:23.66724+00
d854ec73-1f66-4025-a5d6-a0322cab911b,d36e796d-42be-46c4-bd15-1beb5f08dde9,13c3269c-f6e2-44fa-b098-a502c7064920,110th Running of the Indianapolis 500,7,2026,2026-05-22,2026-05-24,true,false,{},2026-02-08 20:09:24.666783+00,2026-02-08 20:09:24.666783+00
d89e4177-f4a8-426f-8233-30a806f1f9e0,50c0f5ce-fd98-480e-bef6-4f98b8af9846,f2fa8919-6d65-404a-8cbb-ec1691098a63,Mexico City E-Prix,2,2026,2026-01-10,2026-01-10,true,false,{},2025-12-26 18:47:21.463695+00,2025-12-26 18:47:21.463695+00
d95bad87-83fe-4099-a8cf-9a3e989d003a,50c0f5ce-fd98-480e-bef6-4f98b8af9846,f3ad0b25-2e7b-4a96-b72c-a31edb7eef4a,Miami E-Prix,3,2026,2026-01-31,2026-01-31,true,false,{},2025-12-26 18:47:21.787102+00,2025-12-26 18:47:21.787102+00
daf1930a-9b9b-43fb-822a-8e038d110647,e0d18f98-a49d-454f-80c5-3f191d394aec,c9560da4-698b-4497-a48f-ff75a123b929,24 Hours of Le Mans,4,2026,2026-06-10,2026-06-14,true,false,{},2025-12-26 18:44:12.587441+00,2025-12-26 18:44:12.587441+00
dd448e7d-337a-4222-9218-97155e022c45,2d114ce9-fade-42d1-bc31-1da74faacf26,37dda3e4-9009-4506-9f49-5208e0ac604d,Norisring,4,2026,2026-07-03,2026-07-05,true,false,{},2026-02-08 18:05:54.655512+00,2026-02-08 18:05:54.655512+00
debf5b36-12a9-4813-969e-3e4410276548,d36e796d-42be-46c4-bd15-1beb5f08dde9,aacb0f77-9062-423e-b400-04982fd9a8fd,Borchetta Bourbon Music City Grand Prix,12,2026,2026-07-18,2026-07-19,true,false,{},2026-02-08 20:21:27.734463+00,2026-02-08 20:25:21.947017+00
e0421465-1dc6-499a-9ac8-d23f4fa3178d,4510b607-ecca-4c02-875b-ae25ab2a9784,64185bda-6483-4428-9c52-ca262c587d68,YellaWood 500,36,2026,2026-10-23,2026-10-25,true,false,"{""is_non_points"":false}",2025-12-26 18:33:41.981593+00,2026-02-14 12:29:19.336302+00
e20f6a92-3e12-4a20-bc4b-9d39c3dd55d7,0d273401-4838-43fc-a908-cd5087ec6430,b1090e66-ab43-42a5-89f3-8882ef18bea1,San Marino GP,15,2026,2026-09-11,2026-09-13,true,false,{},2025-12-26 18:47:31.486572+00,2025-12-26 18:47:31.486572+00
e5589012-45e5-480c-bf4d-10208ca57bbb,e6b50f04-9ffe-479b-bf96-89560b99131b,acee0d6e-0eb5-42c9-8aec-f2924786a539,Las Vegas Grand Prix,22,2026,2026-11-19,2026-11-21,true,false,"{""has_sprint"":false}",2025-12-26 16:23:59.473729+00,2025-12-26 16:34:29.800006+00
e9c1091b-8634-4392-a72e-eb048e496d01,71b38069-2d64-4650-8457-fdcdff72ec85,c70fd478-cc73-479b-b76a-59532f1c38f4,4 Hours of Spa-Francorchamps,4,2026,2026-08-21,2026-08-23,true,false,{},2025-12-26 18:44:15.693617+00,2025-12-26 18:44:15.693617+00
eaf8e632-f93b-464f-a57c-0fe93f9200e9,e6b50f04-9ffe-479b-bf96-89560b99131b,3d5e8c23-190f-46b4-a31c-482702eba6dd,Monaco Grand Prix,8,2026,2026-06-05,2026-06-07,true,false,"{""has_sprint"":false}",2025-12-26 16:23:55.025678+00,2025-12-26 16:34:24.597086+00
eb978f24-fde6-42c1-be62-38901714b6bc,4510b607-ecca-4c02-875b-ae25ab2a9784,10a30959-03a3-40f4-93bb-c70e197d8baa,The Clash at Bowman Gray,1,2026,2026-02-04,2026-02-04,true,false,"{""is_non_points"":true}",2025-12-26 18:33:30.834432+00,2026-02-02 10:28:32.980063+00
ed2555d7-4a4c-4688-bcf5-30e2855284f2,e0d18f98-a49d-454f-80c5-3f191d394aec,9b04606c-85ce-4182-a004-a7d041b29298,Rolex 6 Hours of São Paulo,5,2026,2026-07-10,2026-07-12,true,false,{},2025-12-26 18:44:12.853302+00,2025-12-26 18:44:12.853302+00
ef48b8a4-4a41-4290-8330-2f18bdc00984,e0d18f98-a49d-454f-80c5-3f191d394aec,a6410a55-a4fd-401f-8d9e-e80d3b974ec3,6 Hours of Imola,2,2026,2026-04-17,2026-04-19,true,false,{},2025-12-26 18:44:12.075984+00,2025-12-26 18:44:12.075984+00
ef6e9800-07c6-4b13-8153-f7bad0662cab,4510b607-ecca-4c02-875b-ae25ab2a9784,3292f9d9-3009-4b8b-a303-9558cc99b4a0,Go Bowling at The Glen,13,2026,2026-05-08,2026-05-10,true,false,"{""is_non_points"":false}",2025-12-26 18:33:34.391946+00,2026-02-14 12:09:39.960854+00
f24f7629-099d-40b1-a9a0-2ee72c57e3a5,50c0f5ce-fd98-480e-bef6-4f98b8af9846,1ab7d6e5-e695-4b1d-b05b-eadef1b1baff,Madrid E-Prix,6,2026,2026-03-21,2026-03-21,true,false,{},2025-12-26 18:47:22.830495+00,2025-12-26 18:47:22.830495+00
f55561de-df3a-42da-8ffb-7a5efc534024,4510b607-ecca-4c02-875b-ae25ab2a9784,7015b15a-2334-45bd-8d3d-01946a986aa9,Great American Getaway 400 by VISITPA,18,2026,2026-06-12,2026-06-14,true,false,"{""is_non_points"":false}",2025-12-26 18:33:35.93124+00,2026-02-14 12:11:04.898982+00
f8db5938-a835-4ba2-92fb-205a0502476f,d36e796d-42be-46c4-bd15-1beb5f08dde9,889c4142-ba18-4ab4-aa4e-ee03172570dc,Firestone Grand Prix of St. Petersburg,1,2026,2026-02-27,2026-03-01,true,false,{},2026-02-08 19:34:23.143793+00,2026-02-08 19:34:23.143793+00
fb6a1da6-9be4-4f14-bd62-57fba4a2526b,0d273401-4838-43fc-a908-cd5087ec6430,396b77e9-ba22-4b0a-b105-3e846d08e084,Valencia GP,22,2026,2026-11-20,2026-11-22,true,false,{},2025-12-26 18:47:33.293399+00,2025-12-26 18:47:33.293399+00
fc81d426-6cb2-4644-b1d7-61524c75f34c,e21003ed-3d72-42af-b8b5-56e61e60ebd5,4ef9d184-ed79-461f-abf8-328438f7777e,IMSA SportsCar Weekend,8,2026,2026-07-30,2026-08-02,true,false,{},2026-01-05 09:43:47.291758+00,2026-01-05 09:56:54.427103+00
fda49d35-0398-453f-9f5c-9adfac48c0d0,4510b607-ecca-4c02-875b-ae25ab2a9784,ed3bc6d7-f837-4bc4-927e-b0e14b2a1418,Iowa Corn 350 by Ethanol,25,2026,2026-08-07,2026-08-09,true,false,"{""is_non_points"":false}",2025-12-26 18:33:38.151833+00,2026-02-14 12:13:10.850498+00